Date,Content,Video title,Video publish time,Duration,Engaged views
2025-09-24,GbFgtPgJMu8,donk casually drops a 4K in EWC #cs2 #counterstrike #esportsworldcup2026 #Shorts,"Aug 18, 2026",21,0
2025-09-25,GbFgtPgJMu8,donk casually drops a 4K in EWC #cs2 #counterstrike #esportsworldcup2026 #Shorts,"Aug 18, 2026",21,0
2025-09-26,GbFgtPgJMu8,donk casually drops a 4K in EWC #cs2 #counterstrike #esportsworldcup2026 #Shorts,"Aug 18, 2026",21,0
2025-09-27,GbFgtPgJMu8,donk casually drops a 4K in EWC #cs2 #counterstrike #esportsworldcup2026 #Shorts,"Aug 18, 2026",21,0
2025-09-28,GbFgtPgJMu8,donk casually drops a 4K in EWC #cs2 #counterstrike #esportsworldcup2026 #Shorts,"Aug 18, 2026",21,0
2025-09-29,GbFgtPgJMu8,donk casually drops a 4K in EWC #cs2 #counterstrike #esportsworldcup2026 #Shorts,"Aug 18, 2026",21,0
2025-09-30,GbFgtPgJMu8,donk casually drops a 4K in EWC #cs2 #counterstrike #esportsworldcup2026 #Shorts,"Aug 18, 2026",21,0
2025-10-01,GbFgtPgJMu8,donk casually drops a 4K in EWC #cs2 #counterstrike #esportsworldcup2026 #Shorts,"Aug 18, 2026",21,0
2025-10-02,GbFgtPgJMu8,donk casually drops a 4K in EWC #cs2 #counterstrike #esportsworldcup2026 #Shorts,"Aug 18, 2026",21,0
2025-10-03,GbFgtPgJMu8,donk casually drops a 4K in EWC #cs2 #counterstrike #esportsworldcup2026 #Shorts,"Aug 18, 2026",21,0
2025-10-04,GbFgtPgJMu8,donk casually drops a 4K in EWC #cs2 #counterstrike #esportsworldcup2026 #Shorts,"Aug 18, 2026",21,0
2025-10-05,GbFgtPgJMu8,donk casually drops a 4K in EWC #cs2 #counterstrike #esportsworldcup2026 #Shorts,"Aug 18, 2026",21,0
2025-10-06,GbFgtPgJMu8,donk casually drops a 4K in EWC #cs2 #counterstrike #esportsworldcup2026 #Shorts,"Aug 18, 2026",21,0
2025-10-07,GbFgtPgJMu8,donk casually drops a 4K in EWC #cs2 #counterstrike #esportsworldcup2026 #Shorts,"Aug 18, 2026",21,0
2025-10-08,GbFgtPgJMu8,donk casually drops a 4K in EWC #cs2 #counterstrike #esportsworldcup2026 #Shorts,"Aug 18, 2026",21,0
2025-10-09,GbFgtPgJMu8,donk casually drops a 4K in EWC #cs2 #counterstrike #esportsworldcup2026 #Shorts,"Aug 18, 2026",21,0
2025-10-10,GbFgtPgJMu8,donk casually drops a 4K in EWC #cs2 #counterstrike #esportsworldcup2026 #Shorts,"Aug 18, 2026",21,0
2025-10-11,GbFgtPgJMu8,donk casually drops a 4K in EWC #cs2 #counterstrike #esportsworldcup2026 #Shorts,"Aug 18, 2026",21,0
2025-10-12,GbFgtPgJMu8,donk casually drops a 4K in EWC #cs2 #counterstrike #esportsworldcup2026 #Shorts,"Aug 18, 2026",21,0
2025-10-13,GbFgtPgJMu8,donk casually drops a 4K in EWC #cs2 #counterstrike #esportsworldcup2026 #Shorts,"Aug 18, 2026",21,0
2025-10-14,GbFgtPgJMu8,donk casually drops a 4K in EWC #cs2 #counterstrike #esportsworldcup2026 #Shorts,"Aug 18, 2026",21,0
2025-10-15,GbFgtPgJMu8,donk casually drops a 4K in EWC #cs2 #counterstrike #esportsworldcup2026 #Shorts,"Aug 18, 2026",21,0
2025-10-16,GbFgtPgJMu8,donk casually drops a 4K in EWC #cs2 #counterstrike #esportsworldcup2026 #Shorts,"Aug 18, 2026",21,0
2025-10-17,GbFgtPgJMu8,donk casually drops a 4K in EWC #cs2 #counterstrike #esportsworldcup2026 #Shorts,"Aug 18, 2026",21,0
2025-10-18,GbFgtPgJMu8,donk casually drops a 4K in EWC #cs2 #counterstrike #esportsworldcup2026 #Shorts,"Aug 18, 2026",21,0
2025-10-19,GbFgtPgJMu8,donk casually drops a 4K in EWC #cs2 #counterstrike #esportsworldcup2026 #Shorts,"Aug 18, 2026",21,0
2025-10-20,GbFgtPgJMu8,donk casually drops a 4K in EWC #cs2 #counterstrike #esportsworldcup2026 #Shorts,"Aug 18, 2026",21,0
2025-10-21,GbFgtPgJMu8,donk casually drops a 4K in EWC #cs2 #counterstrike #esportsworldcup2026 #Shorts,"Aug 18, 2026",21,0
2025-10-22,GbFgtPgJMu8,donk casually drops a 4K in EWC #cs2 #counterstrike #esportsworldcup2026 #Shorts,"Aug 18, 2026",21,0
2025-10-23,GbFgtPgJMu8,donk casually drops a 4K in EWC #cs2 #counterstrike #esportsworldcup2026 #Shorts,"Aug 18, 2026",21,0
2025-10-24,GbFgtPgJMu8,donk casually drops a 4K in EWC #cs2 #counterstrike #esportsworldcup2026 #Shorts,"Aug 18, 2026",21,0
2025-10-25,GbFgtPgJMu8,donk casually drops a 4K in EWC #cs2 #counterstrike #esportsworldcup2026 #Shorts,"Aug 18, 2026",21,0
2025-10-26,GbFgtPgJMu8,donk casually drops a 4K in EWC #cs2 #counterstrike #esportsworldcup2026 #Shorts,"Aug 18, 2026",21,0
2025-10-27,GbFgtPgJMu8,donk casually drops a 4K in EWC #cs2 #counterstrike #esportsworldcup2026 #Shorts,"Aug 18, 2026",21,0
2025-10-28,GbFgtPgJMu8,donk casually drops a 4K in EWC #cs2 #counterstrike #esportsworldcup2026 #Shorts,"Aug 18, 2026",21,0
2025-10-29,GbFgtPgJMu8,donk casually drops a 4K in EWC #cs2 #counterstrike #esportsworldcup2026 #Shorts,"Aug 18, 2026",21,0
2025-10-30,GbFgtPgJMu8,donk casually drops a 4K in EWC #cs2 #counterstrike #esportsworldcup2026 #Shorts,"Aug 18, 2026",21,0
2025-10-31,GbFgtPgJMu8,donk casually drops a 4K in EWC #cs2 #counterstrike #esportsworldcup2026 #Shorts,"Aug 18, 2026",21,0
2025-11-01,GbFgtPgJMu8,donk casually drops a 4K in EWC #cs2 #counterstrike #esportsworldcup2026 #Shorts,"Aug 18, 2026",21,0
2025-11-02,GbFgtPgJMu8,donk casually drops a 4K in EWC #cs2 #counterstrike #esportsworldcup2026 #Shorts,"Aug 18, 2026",21,0
2025-11-03,GbFgtPgJMu8,donk casually drops a 4K in EWC #cs2 #counterstrike #esportsworldcup2026 #Shorts,"Aug 18, 2026",21,0
2025-11-04,GbFgtPgJMu8,donk casually drops a 4K in EWC #cs2 #counterstrike #esportsworldcup2026 #Shorts,"Aug 18, 2026",21,0
2025-11-05,GbFgtPgJMu8,donk casually drops a 4K in EWC #cs2 #counterstrike #esportsworldcup2026 #Shorts,"Aug 18, 2026",21,0
2025-11-06,GbFgtPgJMu8,donk casually drops a 4K in EWC #cs2 #counterstrike #esportsworldcup2026 #Shorts,"Aug 18, 2026",21,0
2025-11-07,GbFgtPgJMu8,donk casually drops a 4K in EWC #cs2 #counterstrike #esportsworldcup2026 #Shorts,"Aug 18, 2026",21,0
2025-11-08,GbFgtPgJMu8,donk casually drops a 4K in EWC #cs2 #counterstrike #esportsworldcup2026 #Shorts,"Aug 18, 2026",21,0
2025-11-09,GbFgtPgJMu8,donk casually drops a 4K in EWC #cs2 #counterstrike #esportsworldcup2026 #Shorts,"Aug 18, 2026",21,0
2025-11-10,GbFgtPgJMu8,donk casually drops a 4K in EWC #cs2 #counterstrike #esportsworldcup2026 #Shorts,"Aug 18, 2026",21,0
2025-11-11,GbFgtPgJMu8,donk casually drops a 4K in EWC #cs2 #counterstrike #esportsworldcup2026 #Shorts,"Aug 18, 2026",21,0
2025-11-12,GbFgtPgJMu8,donk casually drops a 4K in EWC #cs2 #counterstrike #esportsworldcup2026 #Shorts,"Aug 18, 2026",21,0
2025-11-13,GbFgtPgJMu8,donk casually drops a 4K in EWC #cs2 #counterstrike #esportsworldcup2026 #Shorts,"Aug 18, 2026",21,0
2025-11-14,GbFgtPgJMu8,donk casually drops a 4K in EWC #cs2 #counterstrike #esportsworldcup2026 #Shorts,"Aug 18, 2026",21,0
2025-11-15,GbFgtPgJMu8,donk casually drops a 4K in EWC #cs2 #counterstrike #esportsworldcup2026 #Shorts,"Aug 18, 2026",21,0
2025-11-16,GbFgtPgJMu8,donk casually drops a 4K in EWC #cs2 #counterstrike #esportsworldcup2026 #Shorts,"Aug 18, 2026",21,0
2025-11-17,GbFgtPgJMu8,donk casually drops a 4K in EWC #cs2 #counterstrike #esportsworldcup2026 #Shorts,"Aug 18, 2026",21,0
2025-11-18,GbFgtPgJMu8,donk casually drops a 4K in EWC #cs2 #counterstrike #esportsworldcup2026 #Shorts,"Aug 18, 2026",21,0
2025-11-19,GbFgtPgJMu8,donk casually drops a 4K in EWC #cs2 #counterstrike #esportsworldcup2026 #Shorts,"Aug 18, 2026",21,0
2025-11-20,GbFgtPgJMu8,donk casually drops a 4K in EWC #cs2 #counterstrike #esportsworldcup2026 #Shorts,"Aug 18, 2026",21,0
2025-11-21,GbFgtPgJMu8,donk casually drops a 4K in EWC #cs2 #counterstrike #esportsworldcup2026 #Shorts,"Aug 18, 2026",21,0
2025-11-22,GbFgtPgJMu8,donk casually drops a 4K in EWC #cs2 #counterstrike #esportsworldcup2026 #Shorts,"Aug 18, 2026",21,0
2025-11-23,GbFgtPgJMu8,donk casually drops a 4K in EWC #cs2 #counterstrike #esportsworldcup2026 #Shorts,"Aug 18, 2026",21,0
2025-11-24,GbFgtPgJMu8,donk casually drops a 4K in EWC #cs2 #counterstrike #esportsworldcup2026 #Shorts,"Aug 18, 2026",21,0
2025-11-25,GbFgtPgJMu8,donk casually drops a 4K in EWC #cs2 #counterstrike #esportsworldcup2026 #Shorts,"Aug 18, 2026",21,0
2025-11-26,GbFgtPgJMu8,donk casually drops a 4K in EWC #cs2 #counterstrike #esportsworldcup2026 #Shorts,"Aug 18, 2026",21,0
2025-11-27,GbFgtPgJMu8,donk casually drops a 4K in EWC #cs2 #counterstrike #esportsworldcup2026 #Shorts,"Aug 18, 2026",21,0
2025-11-28,GbFgtPgJMu8,donk casually drops a 4K in EWC #cs2 #counterstrike #esportsworldcup2026 #Shorts,"Aug 18, 2026",21,0
2025-11-29,GbFgtPgJMu8,donk casually drops a 4K in EWC #cs2 #counterstrike #esportsworldcup2026 #Shorts,"Aug 18, 2026",21,0
2025-11-30,GbFgtPgJMu8,donk casually drops a 4K in EWC #cs2 #counterstrike #esportsworldcup2026 #Shorts,"Aug 18, 2026",21,0
2025-12-01,GbFgtPgJMu8,donk casually drops a 4K in EWC #cs2 #counterstrike #esportsworldcup2026 #Shorts,"Aug 18, 2026",21,0
2025-12-02,GbFgtPgJMu8,donk casually drops a 4K in EWC #cs2 #counterstrike #esportsworldcup2026 #Shorts,"Aug 18, 2026",21,0
2025-12-03,GbFgtPgJMu8,donk casually drops a 4K in EWC #cs2 #counterstrike #esportsworldcup2026 #Shorts,"Aug 18, 2026",21,0
2025-12-04,GbFgtPgJMu8,donk casually drops a 4K in EWC #cs2 #counterstrike #esportsworldcup2026 #Shorts,"Aug 18, 2026",21,0
2025-12-05,GbFgtPgJMu8,donk casually drops a 4K in EWC #cs2 #counterstrike #esportsworldcup2026 #Shorts,"Aug 18, 2026",21,0
2025-12-06,GbFgtPgJMu8,donk casually drops a 4K in EWC #cs2 #counterstrike #esportsworldcup2026 #Shorts,"Aug 18, 2026",21,0
2025-12-07,GbFgtPgJMu8,donk casually drops a 4K in EWC #cs2 #counterstrike #esportsworldcup2026 #Shorts,"Aug 18, 2026",21,0
2025-12-08,GbFgtPgJMu8,donk casually drops a 4K in EWC #cs2 #counterstrike #esportsworldcup2026 #Shorts,"Aug 18, 2026",21,0
2025-12-09,GbFgtPgJMu8,donk casually drops a 4K in EWC #cs2 #counterstrike #esportsworldcup2026 #Shorts,"Aug 18, 2026",21,0
2025-12-10,GbFgtPgJMu8,donk casually drops a 4K in EWC #cs2 #counterstrike #esportsworldcup2026 #Shorts,"Aug 18, 2026",21,0
2025-12-11,GbFgtPgJMu8,donk casually drops a 4K in EWC #cs2 #counterstrike #esportsworldcup2026 #Shorts,"Aug 18, 2026",21,0
2025-12-12,GbFgtPgJMu8,donk casually drops a 4K in EWC #cs2 #counterstrike #esportsworldcup2026 #Shorts,"Aug 18, 2026",21,0
2025-12-13,GbFgtPgJMu8,donk casually drops a 4K in EWC #cs2 #counterstrike #esportsworldcup2026 #Shorts,"Aug 18, 2026",21,0
2025-12-14,GbFgtPgJMu8,donk casually drops a 4K in EWC #cs2 #counterstrike #esportsworldcup2026 #Shorts,"Aug 18, 2026",21,0
2025-12-15,GbFgtPgJMu8,donk casually drops a 4K in EWC #cs2 #counterstrike #esportsworldcup2026 #Shorts,"Aug 18, 2026",21,0
2025-12-16,GbFgtPgJMu8,donk casually drops a 4K in EWC #cs2 #counterstrike #esportsworldcup2026 #Shorts,"Aug 18, 2026",21,0
2025-12-17,GbFgtPgJMu8,donk casually drops a 4K in EWC #cs2 #counterstrike #esportsworldcup2026 #Shorts,"Aug 18, 2026",21,0
2025-12-18,GbFgtPgJMu8,donk casually drops a 4K in EWC #cs2 #counterstrike #esportsworldcup2026 #Shorts,"Aug 18, 2026",21,0
2025-12-19,GbFgtPgJMu8,donk casually drops a 4K in EWC #cs2 #counterstrike #esportsworldcup2026 #Shorts,"Aug 18, 2026",21,0
2025-12-20,GbFgtPgJMu8,donk casually drops a 4K in EWC #cs2 #counterstrike #esportsworldcup2026 #Shorts,"Aug 18, 2026",21,0
2025-12-21,GbFgtPgJMu8,donk casually drops a 4K in EWC #cs2 #counterstrike #esportsworldcup2026 #Shorts,"Aug 18, 2026",21,0
2025-12-22,GbFgtPgJMu8,donk casually drops a 4K in EWC #cs2 #counterstrike #esportsworldcup2026 #Shorts,"Aug 18, 2026",21,0
2025-12-23,GbFgtPgJMu8,donk casually drops a 4K in EWC #cs2 #counterstrike #esportsworldcup2026 #Shorts,"Aug 18, 2026",21,0
2025-12-24,GbFgtPgJMu8,donk casually drops a 4K in EWC #cs2 #counterstrike #esportsworldcup2026 #Shorts,"Aug 18, 2026",21,0
2025-12-25,GbFgtPgJMu8,donk casually drops a 4K in EWC #cs2 #counterstrike #esportsworldcup2026 #Shorts,"Aug 18, 2026",21,0
2025-12-26,GbFgtPgJMu8,donk casually drops a 4K in EWC #cs2 #counterstrike #esportsworldcup2026 #Shorts,"Aug 18, 2026",21,0
2025-12-27,GbFgtPgJMu8,donk casually drops a 4K in EWC #cs2 #counterstrike #esportsworldcup2026 #Shorts,"Aug 18, 2026",21,0
2025-12-28,GbFgtPgJMu8,donk casually drops a 4K in EWC #cs2 #counterstrike #esportsworldcup2026 #Shorts,"Aug 18, 2026",21,0
2025-12-29,GbFgtPgJMu8,donk casually drops a 4K in EWC #cs2 #counterstrike #esportsworldcup2026 #Shorts,"Aug 18, 2026",21,0
2025-12-30,GbFgtPgJMu8,donk casually drops a 4K in EWC #cs2 #counterstrike #esportsworldcup2026 #Shorts,"Aug 18, 2026",21,0
2025-12-31,GbFgtPgJMu8,donk casually drops a 4K in EWC #cs2 #counterstrike #esportsworldcup2026 #Shorts,"Aug 18, 2026",21,0
2026-01-01,GbFgtPgJMu8,donk casually drops a 4K in EWC #cs2 #counterstrike #esportsworldcup2026 #Shorts,"Aug 18, 2026",21,0
2026-01-02,GbFgtPgJMu8,donk casually drops a 4K in EWC #cs2 #counterstrike #esportsworldcup2026 #Shorts,"Aug 18, 2026",21,0
2026-01-03,GbFgtPgJMu8,donk casually drops a 4K in EWC #cs2 #counterstrike #esportsworldcup2026 #Shorts,"Aug 18, 2026",21,0
2026-01-04,GbFgtPgJMu8,donk casually drops a 4K in EWC #cs2 #counterstrike #esportsworldcup2026 #Shorts,"Aug 18, 2026",21,0
2026-01-05,GbFgtPgJMu8,donk casually drops a 4K in EWC #cs2 #counterstrike #esportsworldcup2026 #Shorts,"Aug 18, 2026",21,0
2026-01-06,GbFgtPgJMu8,donk casually drops a 4K in EWC #cs2 #counterstrike #esportsworldcup2026 #Shorts,"Aug 18, 2026",21,0
2026-01-07,GbFgtPgJMu8,donk casually drops a 4K in EWC #cs2 #counterstrike #esportsworldcup2026 #Shorts,"Aug 18, 2026",21,0
2026-01-08,GbFgtPgJMu8,donk casually drops a 4K in EWC #cs2 #counterstrike #esportsworldcup2026 #Shorts,"Aug 18, 2026",21,0
2026-01-09,GbFgtPgJMu8,donk casually drops a 4K in EWC #cs2 #counterstrike #esportsworldcup2026 #Shorts,"Aug 18, 2026",21,0
2026-01-10,GbFgtPgJMu8,donk casually drops a 4K in EWC #cs2 #counterstrike #esportsworldcup2026 #Shorts,"Aug 18, 2026",21,0
2026-01-11,GbFgtPgJMu8,donk casually drops a 4K in EWC #cs2 #counterstrike #esportsworldcup2026 #Shorts,"Aug 18, 2026",21,0
2026-01-12,GbFgtPgJMu8,donk casually drops a 4K in EWC #cs2 #counterstrike #esportsworldcup2026 #Shorts,"Aug 18, 2026",21,0
2026-01-13,GbFgtPgJMu8,donk casually drops a 4K in EWC #cs2 #counterstrike #esportsworldcup2026 #Shorts,"Aug 18, 2026",21,0
2026-01-14,GbFgtPgJMu8,donk casually drops a 4K in EWC #cs2 #counterstrike #esportsworldcup2026 #Shorts,"Aug 18, 2026",21,0
2026-01-15,GbFgtPgJMu8,donk casually drops a 4K in EWC #cs2 #counterstrike #esportsworldcup2026 #Shorts,"Aug 18, 2026",21,0
2026-01-16,GbFgtPgJMu8,donk casually drops a 4K in EWC #cs2 #counterstrike #esportsworldcup2026 #Shorts,"Aug 18, 2026",21,0
2026-01-17,GbFgtPgJMu8,donk casually drops a 4K in EWC #cs2 #counterstrike #esportsworldcup2026 #Shorts,"Aug 18, 2026",21,0
2026-01-18,GbFgtPgJMu8,donk casually drops a 4K in EWC #cs2 #counterstrike #esportsworldcup2026 #Shorts,"Aug 18, 2026",21,0
2026-01-19,GbFgtPgJMu8,donk casually drops a 4K in EWC #cs2 #counterstrike #esportsworldcup2026 #Shorts,"Aug 18, 2026",21,0
2026-01-20,GbFgtPgJMu8,donk casually drops a 4K in EWC #cs2 #counterstrike #esportsworldcup2026 #Shorts,"Aug 18, 2026",21,0
2026-01-21,GbFgtPgJMu8,donk casually drops a 4K in EWC #cs2 #counterstrike #esportsworldcup2026 #Shorts,"Aug 18, 2026",21,0
2026-01-22,GbFgtPgJMu8,donk casually drops a 4K in EWC #cs2 #counterstrike #esportsworldcup2026 #Shorts,"Aug 18, 2026",21,0
2026-01-23,GbFgtPgJMu8,donk casually drops a 4K in EWC #cs2 #counterstrike #esportsworldcup2026 #Shorts,"Aug 18, 2026",21,0
2026-01-24,GbFgtPgJMu8,donk casually drops a 4K in EWC #cs2 #counterstrike #esportsworldcup2026 #Shorts,"Aug 18, 2026",21,0
2026-01-25,GbFgtPgJMu8,donk casually drops a 4K in EWC #cs2 #counterstrike #esportsworldcup2026 #Shorts,"Aug 18, 2026",21,0
2026-01-26,GbFgtPgJMu8,donk casually drops a 4K in EWC #cs2 #counterstrike #esportsworldcup2026 #Shorts,"Aug 18, 2026",21,0
2026-01-27,GbFgtPgJMu8,donk casually drops a 4K in EWC #cs2 #counterstrike #esportsworldcup2026 #Shorts,"Aug 18, 2026",21,0
2026-01-28,GbFgtPgJMu8,donk casually drops a 4K in EWC #cs2 #counterstrike #esportsworldcup2026 #Shorts,"Aug 18, 2026",21,0
2026-01-29,GbFgtPgJMu8,donk casually drops a 4K in EWC #cs2 #counterstrike #esportsworldcup2026 #Shorts,"Aug 18, 2026",21,0
2026-01-30,GbFgtPgJMu8,donk casually drops a 4K in EWC #cs2 #counterstrike #esportsworldcup2026 #Shorts,"Aug 18, 2026",21,0
2026-01-31,GbFgtPgJMu8,donk casually drops a 4K in EWC #cs2 #counterstrike #esportsworldcup2026 #Shorts,"Aug 18, 2026",21,0
2026-02-01,GbFgtPgJMu8,donk casually drops a 4K in EWC #cs2 #counterstrike #esportsworldcup2026 #Shorts,"Aug 18, 2026",21,0
2026-02-02,GbFgtPgJMu8,donk casually drops a 4K in EWC #cs2 #counterstrike #esportsworldcup2026 #Shorts,"Aug 18, 2026",21,0
2026-02-03,GbFgtPgJMu8,donk casually drops a 4K in EWC #cs2 #counterstrike #esportsworldcup2026 #Shorts,"Aug 18, 2026",21,0
2026-02-04,GbFgtPgJMu8,donk casually drops a 4K in EWC #cs2 #counterstrike #esportsworldcup2026 #Shorts,"Aug 18, 2026",21,0
2026-02-05,GbFgtPgJMu8,donk casually drops a 4K in EWC #cs2 #counterstrike #esportsworldcup2026 #Shorts,"Aug 18, 2026",21,0
2026-02-06,GbFgtPgJMu8,donk casually drops a 4K in EWC #cs2 #counterstrike #esportsworldcup2026 #Shorts,"Aug 18, 2026",21,0
2026-02-07,GbFgtPgJMu8,donk casually drops a 4K in EWC #cs2 #counterstrike #esportsworldcup2026 #Shorts,"Aug 18, 2026",21,0
2026-02-08,GbFgtPgJMu8,donk casually drops a 4K in EWC #cs2 #counterstrike #esportsworldcup2026 #Shorts,"Aug 18, 2026",21,0
2026-02-09,GbFgtPgJMu8,donk casually drops a 4K in EWC #cs2 #counterstrike #esportsworldcup2026 #Shorts,"Aug 18, 2026",21,0
2026-02-10,GbFgtPgJMu8,donk casually drops a 4K in EWC #cs2 #counterstrike #esportsworldcup2026 #Shorts,"Aug 18, 2026",21,0
2026-02-11,GbFgtPgJMu8,donk casually drops a 4K in EWC #cs2 #counterstrike #esportsworldcup2026 #Shorts,"Aug 18, 2026",21,0
2026-02-12,GbFgtPgJMu8,donk casually drops a 4K in EWC #cs2 #counterstrike #esportsworldcup2026 #Shorts,"Aug 18, 2026",21,0
2026-02-13,GbFgtPgJMu8,donk casually drops a 4K in EWC #cs2 #counterstrike #esportsworldcup2026 #Shorts,"Aug 18, 2026",21,0
2026-02-14,GbFgtPgJMu8,donk casually drops a 4K in EWC #cs2 #counterstrike #esportsworldcup2026 #Shorts,"Aug 18, 2026",21,0
2026-02-15,GbFgtPgJMu8,donk casually drops a 4K in EWC #cs2 #counterstrike #esportsworldcup2026 #Shorts,"Aug 18, 2026",21,0
2026-02-16,GbFgtPgJMu8,donk casually drops a 4K in EWC #cs2 #counterstrike #esportsworldcup2026 #Shorts,"Aug 18, 2026",21,0
2026-02-17,GbFgtPgJMu8,donk casually drops a 4K in EWC #cs2 #counterstrike #esportsworldcup2026 #Shorts,"Aug 18, 2026",21,0
2026-02-18,GbFgtPgJMu8,donk casually drops a 4K in EWC #cs2 #counterstrike #esportsworldcup2026 #Shorts,"Aug 18, 2026",21,0
2026-02-19,GbFgtPgJMu8,donk casually drops a 4K in EWC #cs2 #counterstrike #esportsworldcup2026 #Shorts,"Aug 18, 2026",21,0
2026-02-20,GbFgtPgJMu8,donk casually drops a 4K in EWC #cs2 #counterstrike #esportsworldcup2026 #Shorts,"Aug 18, 2026",21,0
2026-02-21,GbFgtPgJMu8,donk casually drops a 4K in EWC #cs2 #counterstrike #esportsworldcup2026 #Shorts,"Aug 18, 2026",21,0
2026-02-22,GbFgtPgJMu8,donk casually drops a 4K in EWC #cs2 #counterstrike #esportsworldcup2026 #Shorts,"Aug 18, 2026",21,0
2026-02-23,GbFgtPgJMu8,donk casually drops a 4K in EWC #cs2 #counterstrike #esportsworldcup2026 #Shorts,"Aug 18, 2026",21,0
2026-02-24,GbFgtPgJMu8,donk casually drops a 4K in EWC #cs2 #counterstrike #esportsworldcup2026 #Shorts,"Aug 18, 2026",21,0
2026-02-25,GbFgtPgJMu8,donk casually drops a 4K in EWC #cs2 #counterstrike #esportsworldcup2026 #Shorts,"Aug 18, 2026",21,0
2026-02-26,GbFgtPgJMu8,donk casually drops a 4K in EWC #cs2 #counterstrike #esportsworldcup2026 #Shorts,"Aug 18, 2026",21,0
2026-02-27,GbFgtPgJMu8,donk casually drops a 4K in EWC #cs2 #counterstrike #esportsworldcup2026 #Shorts,"Aug 18, 2026",21,0
2026-02-28,GbFgtPgJMu8,donk casually drops a 4K in EWC #cs2 #counterstrike #esportsworldcup2026 #Shorts,"Aug 18, 2026",21,0
2026-03-01,GbFgtPgJMu8,donk casually drops a 4K in EWC #cs2 #counterstrike #esportsworldcup2026 #Shorts,"Aug 18, 2026",21,0
2026-03-02,GbFgtPgJMu8,donk casually drops a 4K in EWC #cs2 #counterstrike #esportsworldcup2026 #Shorts,"Aug 18, 2026",21,0
2026-03-03,GbFgtPgJMu8,donk casually drops a 4K in EWC #cs2 #counterstrike #esportsworldcup2026 #Shorts,"Aug 18, 2026",21,0
2026-03-04,GbFgtPgJMu8,donk casually drops a 4K in EWC #cs2 #counterstrike #esportsworldcup2026 #Shorts,"Aug 18, 2026",21,0
2026-03-05,GbFgtPgJMu8,donk casually drops a 4K in EWC #cs2 #counterstrike #esportsworldcup2026 #Shorts,"Aug 18, 2026",21,0
2026-03-06,GbFgtPgJMu8,donk casually drops a 4K in EWC #cs2 #counterstrike #esportsworldcup2026 #Shorts,"Aug 18, 2026",21,0
2026-03-07,GbFgtPgJMu8,donk casually drops a 4K in EWC #cs2 #counterstrike #esportsworldcup2026 #Shorts,"Aug 18, 2026",21,0
2026-03-08,GbFgtPgJMu8,donk casually drops a 4K in EWC #cs2 #counterstrike #esportsworldcup2026 #Shorts,"Aug 18, 2026",21,0
2026-03-09,GbFgtPgJMu8,donk casually drops a 4K in EWC #cs2 #counterstrike #esportsworldcup2026 #Shorts,"Aug 18, 2026",21,0
2026-03-10,GbFgtPgJMu8,donk casually drops a 4K in EWC #cs2 #counterstrike #esportsworldcup2026 #Shorts,"Aug 18, 2026",21,0
2026-03-11,GbFgtPgJMu8,donk casually drops a 4K in EWC #cs2 #counterstrike #esportsworldcup2026 #Shorts,"Aug 18, 2026",21,0
2026-03-12,GbFgtPgJMu8,donk casually drops a 4K in EWC #cs2 #counterstrike #esportsworldcup2026 #Shorts,"Aug 18, 2026",21,0
2026-03-13,GbFgtPgJMu8,donk casually drops a 4K in EWC #cs2 #counterstrike #esportsworldcup2026 #Shorts,"Aug 18, 2026",21,0
2026-03-14,GbFgtPgJMu8,donk casually drops a 4K in EWC #cs2 #counterstrike #esportsworldcup2026 #Shorts,"Aug 18, 2026",21,0
2026-03-15,GbFgtPgJMu8,donk casually drops a 4K in EWC #cs2 #counterstrike #esportsworldcup2026 #Shorts,"Aug 18, 2026",21,0
2026-03-16,GbFgtPgJMu8,donk casually drops a 4K in EWC #cs2 #counterstrike #esportsworldcup2026 #Shorts,"Aug 18, 2026",21,0
2026-03-17,GbFgtPgJMu8,donk casually drops a 4K in EWC #cs2 #counterstrike #esportsworldcup2026 #Shorts,"Aug 18, 2026",21,0
2026-03-18,GbFgtPgJMu8,donk casually drops a 4K in EWC #cs2 #counterstrike #esportsworldcup2026 #Shorts,"Aug 18, 2026",21,0
2026-03-19,GbFgtPgJMu8,donk casually drops a 4K in EWC #cs2 #counterstrike #esportsworldcup2026 #Shorts,"Aug 18, 2026",21,0
2026-03-20,GbFgtPgJMu8,donk casually drops a 4K in EWC #cs2 #counterstrike #esportsworldcup2026 #Shorts,"Aug 18, 2026",21,0
2026-03-21,GbFgtPgJMu8,donk casually drops a 4K in EWC #cs2 #counterstrike #esportsworldcup2026 #Shorts,"Aug 18, 2026",21,0
2026-03-22,GbFgtPgJMu8,donk casually drops a 4K in EWC #cs2 #counterstrike #esportsworldcup2026 #Shorts,"Aug 18, 2026",21,0
2026-03-23,GbFgtPgJMu8,donk casually drops a 4K in EWC #cs2 #counterstrike #esportsworldcup2026 #Shorts,"Aug 18, 2026",21,0
2026-03-24,GbFgtPgJMu8,donk casually drops a 4K in EWC #cs2 #counterstrike #esportsworldcup2026 #Shorts,"Aug 18, 2026",21,0
2026-03-25,GbFgtPgJMu8,donk casually drops a 4K in EWC #cs2 #counterstrike #esportsworldcup2026 #Shorts,"Aug 18, 2026",21,0
2026-03-26,GbFgtPgJMu8,donk casually drops a 4K in EWC #cs2 #counterstrike #esportsworldcup2026 #Shorts,"Aug 18, 2026",21,0
2026-03-27,GbFgtPgJMu8,donk casually drops a 4K in EWC #cs2 #counterstrike #esportsworldcup2026 #Shorts,"Aug 18, 2026",21,0
2026-03-28,GbFgtPgJMu8,donk casually drops a 4K in EWC #cs2 #counterstrike #esportsworldcup2026 #Shorts,"Aug 18, 2026",21,0
2026-03-29,GbFgtPgJMu8,donk casually drops a 4K in EWC #cs2 #counterstrike #esportsworldcup2026 #Shorts,"Aug 18, 2026",21,0
2026-03-30,GbFgtPgJMu8,donk casually drops a 4K in EWC #cs2 #counterstrike #esportsworldcup2026 #Shorts,"Aug 18, 2026",21,0
2026-03-31,GbFgtPgJMu8,donk casually drops a 4K in EWC #cs2 #counterstrike #esportsworldcup2026 #Shorts,"Aug 18, 2026",21,0
2026-04-01,GbFgtPgJMu8,donk casually drops a 4K in EWC #cs2 #counterstrike #esportsworldcup2026 #Shorts,"Aug 18, 2026",21,0
2026-04-02,GbFgtPgJMu8,donk casually drops a 4K in EWC #cs2 #counterstrike #esportsworldcup2026 #Shorts,"Aug 18, 2026",21,0
2026-04-03,GbFgtPgJMu8,donk casually drops a 4K in EWC #cs2 #counterstrike #esportsworldcup2026 #Shorts,"Aug 18, 2026",21,0
2026-04-04,GbFgtPgJMu8,donk casually drops a 4K in EWC #cs2 #counterstrike #esportsworldcup2026 #Shorts,"Aug 18, 2026",21,0
2026-04-05,GbFgtPgJMu8,donk casually drops a 4K in EWC #cs2 #counterstrike #esportsworldcup2026 #Shorts,"Aug 18, 2026",21,0
2026-04-06,GbFgtPgJMu8,donk casually drops a 4K in EWC #cs2 #counterstrike #esportsworldcup2026 #Shorts,"Aug 18, 2026",21,0
2026-04-07,GbFgtPgJMu8,donk casually drops a 4K in EWC #cs2 #counterstrike #esportsworldcup2026 #Shorts,"Aug 18, 2026",21,0
2026-04-08,GbFgtPgJMu8,donk casually drops a 4K in EWC #cs2 #counterstrike #esportsworldcup2026 #Shorts,"Aug 18, 2026",21,0
2026-04-09,GbFgtPgJMu8,donk casually drops a 4K in EWC #cs2 #counterstrike #esportsworldcup2026 #Shorts,"Aug 18, 2026",21,0
2026-04-10,GbFgtPgJMu8,donk casually drops a 4K in EWC #cs2 #counterstrike #esportsworldcup2026 #Shorts,"Aug 18, 2026",21,0
2026-04-11,GbFgtPgJMu8,donk casually drops a 4K in EWC #cs2 #counterstrike #esportsworldcup2026 #Shorts,"Aug 18, 2026",21,0
2026-04-12,GbFgtPgJMu8,donk casually drops a 4K in EWC #cs2 #counterstrike #esportsworldcup2026 #Shorts,"Aug 18, 2026",21,0
2026-04-13,GbFgtPgJMu8,donk casually drops a 4K in EWC #cs2 #counterstrike #esportsworldcup2026 #Shorts,"Aug 18, 2026",21,0
2026-04-14,GbFgtPgJMu8,donk casually drops a 4K in EWC #cs2 #counterstrike #esportsworldcup2026 #Shorts,"Aug 18, 2026",21,0
2026-04-15,GbFgtPgJMu8,donk casually drops a 4K in EWC #cs2 #counterstrike #esportsworldcup2026 #Shorts,"Aug 18, 2026",21,0
2026-04-16,GbFgtPgJMu8,donk casually drops a 4K in EWC #cs2 #counterstrike #esportsworldcup2026 #Shorts,"Aug 18, 2026",21,0
2026-04-17,GbFgtPgJMu8,donk casually drops a 4K in EWC #cs2 #counterstrike #esportsworldcup2026 #Shorts,"Aug 18, 2026",21,0
2026-04-18,GbFgtPgJMu8,donk casually drops a 4K in EWC #cs2 #counterstrike #esportsworldcup2026 #Shorts,"Aug 18, 2026",21,0
2026-04-19,GbFgtPgJMu8,donk casually drops a 4K in EWC #cs2 #counterstrike #esportsworldcup2026 #Shorts,"Aug 18, 2026",21,0
2026-04-20,GbFgtPgJMu8,donk casually drops a 4K in EWC #cs2 #counterstrike #esportsworldcup2026 #Shorts,"Aug 18, 2026",21,0
2026-04-21,GbFgtPgJMu8,donk casually drops a 4K in EWC #cs2 #counterstrike #esportsworldcup2026 #Shorts,"Aug 18, 2026",21,0
2026-04-22,GbFgtPgJMu8,donk casually drops a 4K in EWC #cs2 #counterstrike #esportsworldcup2026 #Shorts,"Aug 18, 2026",21,0
2026-04-23,GbFgtPgJMu8,donk casually drops a 4K in EWC #cs2 #counterstrike #esportsworldcup2026 #Shorts,"Aug 18, 2026",21,0
2026-04-24,GbFgtPgJMu8,donk casually drops a 4K in EWC #cs2 #counterstrike #esportsworldcup2026 #Shorts,"Aug 18, 2026",21,0
2026-04-25,GbFgtPgJMu8,donk casually drops a 4K in EWC #cs2 #counterstrike #esportsworldcup2026 #Shorts,"Aug 18, 2026",21,0
2026-04-26,GbFgtPgJMu8,donk casually drops a 4K in EWC #cs2 #counterstrike #esportsworldcup2026 #Shorts,"Aug 18, 2026",21,0
2026-04-27,GbFgtPgJMu8,donk casually drops a 4K in EWC #cs2 #counterstrike #esportsworldcup2026 #Shorts,"Aug 18, 2026",21,0
2026-04-28,GbFgtPgJMu8,donk casually drops a 4K in EWC #cs2 #counterstrike #esportsworldcup2026 #Shorts,"Aug 18, 2026",21,0
2026-04-29,GbFgtPgJMu8,donk casually drops a 4K in EWC #cs2 #counterstrike #esportsworldcup2026 #Shorts,"Aug 18, 2026",21,0
2026-04-30,GbFgtPgJMu8,donk casually drops a 4K in EWC #cs2 #counterstrike #esportsworldcup2026 #Shorts,"Aug 18, 2026",21,0
2026-05-01,GbFgtPgJMu8,donk casually drops a 4K in EWC #cs2 #counterstrike #esportsworldcup2026 #Shorts,"Aug 18, 2026",21,0
2026-05-02,GbFgtPgJMu8,donk casually drops a 4K in EWC #cs2 #counterstrike #esportsworldcup2026 #Shorts,"Aug 18, 2026",21,0
2026-05-03,GbFgtPgJMu8,donk casually drops a 4K in EWC #cs2 #counterstrike #esportsworldcup2026 #Shorts,"Aug 18, 2026",21,0
2026-05-04,GbFgtPgJMu8,donk casually drops a 4K in EWC #cs2 #counterstrike #esportsworldcup2026 #Shorts,"Aug 18, 2026",21,0
2026-05-05,GbFgtPgJMu8,donk casually drops a 4K in EWC #cs2 #counterstrike #esportsworldcup2026 #Shorts,"Aug 18, 2026",21,0
2026-05-06,GbFgtPgJMu8,donk casually drops a 4K in EWC #cs2 #counterstrike #esportsworldcup2026 #Shorts,"Aug 18, 2026",21,0
2026-05-07,GbFgtPgJMu8,donk casually drops a 4K in EWC #cs2 #counterstrike #esportsworldcup2026 #Shorts,"Aug 18, 2026",21,0
2026-05-08,GbFgtPgJMu8,donk casually drops a 4K in EWC #cs2 #counterstrike #esportsworldcup2026 #Shorts,"Aug 18, 2026",21,0
2026-05-09,GbFgtPgJMu8,donk casually drops a 4K in EWC #cs2 #counterstrike #esportsworldcup2026 #Shorts,"Aug 18, 2026",21,0
2026-05-10,GbFgtPgJMu8,donk casually drops a 4K in EWC #cs2 #counterstrike #esportsworldcup2026 #Shorts,"Aug 18, 2026",21,0
2026-05-11,GbFgtPgJMu8,donk casually drops a 4K in EWC #cs2 #counterstrike #esportsworldcup2026 #Shorts,"Aug 18, 2026",21,0
2026-05-12,GbFgtPgJMu8,donk casually drops a 4K in EWC #cs2 #counterstrike #esportsworldcup2026 #Shorts,"Aug 18, 2026",21,0
2026-05-13,GbFgtPgJMu8,donk casually drops a 4K in EWC #cs2 #counterstrike #esportsworldcup2026 #Shorts,"Aug 18, 2026",21,0
2026-05-14,GbFgtPgJMu8,donk casually drops a 4K in EWC #cs2 #counterstrike #esportsworldcup2026 #Shorts,"Aug 18, 2026",21,0
2026-05-15,GbFgtPgJMu8,donk casually drops a 4K in EWC #cs2 #counterstrike #esportsworldcup2026 #Shorts,"Aug 18, 2026",21,0
2026-05-16,GbFgtPgJMu8,donk casually drops a 4K in EWC #cs2 #counterstrike #esportsworldcup2026 #Shorts,"Aug 18, 2026",21,0
2026-05-17,GbFgtPgJMu8,donk casually drops a 4K in EWC #cs2 #counterstrike #esportsworldcup2026 #Shorts,"Aug 18, 2026",21,0
2026-05-18,GbFgtPgJMu8,donk casually drops a 4K in EWC #cs2 #counterstrike #esportsworldcup2026 #Shorts,"Aug 18, 2026",21,0
2026-05-19,GbFgtPgJMu8,donk casually drops a 4K in EWC #cs2 #counterstrike #esportsworldcup2026 #Shorts,"Aug 18, 2026",21,0
2026-05-20,GbFgtPgJMu8,donk casually drops a 4K in EWC #cs2 #counterstrike #esportsworldcup2026 #Shorts,"Aug 18, 2026",21,0
2026-05-21,GbFgtPgJMu8,donk casually drops a 4K in EWC #cs2 #counterstrike #esportsworldcup2026 #Shorts,"Aug 18, 2026",21,0
2026-05-22,GbFgtPgJMu8,donk casually drops a 4K in EWC #cs2 #counterstrike #esportsworldcup2026 #Shorts,"Aug 18, 2026",21,0
2026-05-23,GbFgtPgJMu8,donk casually drops a 4K in EWC #cs2 #counterstrike #esportsworldcup2026 #Shorts,"Aug 18, 2026",21,0
2026-05-24,GbFgtPgJMu8,donk casually drops a 4K in EWC #cs2 #counterstrike #esportsworldcup2026 #Shorts,"Aug 18, 2026",21,0
2026-05-25,GbFgtPgJMu8,donk casually drops a 4K in EWC #cs2 #counterstrike #esportsworldcup2026 #Shorts,"Aug 18, 2026",21,0
2026-05-26,GbFgtPgJMu8,donk casually drops a 4K in EWC #cs2 #counterstrike #esportsworldcup2026 #Shorts,"Aug 18, 2026",21,0
2026-05-27,GbFgtPgJMu8,donk casually drops a 4K in EWC #cs2 #counterstrike #esportsworldcup2026 #Shorts,"Aug 18, 2026",21,0
2026-05-28,GbFgtPgJMu8,donk casually drops a 4K in EWC #cs2 #counterstrike #esportsworldcup2026 #Shorts,"Aug 18, 2026",21,0
2026-05-29,GbFgtPgJMu8,donk casually drops a 4K in EWC #cs2 #counterstrike #esportsworldcup2026 #Shorts,"Aug 18, 2026",21,0
2026-05-30,GbFgtPgJMu8,donk casually drops a 4K in EWC #cs2 #counterstrike #esportsworldcup2026 #Shorts,"Aug 18, 2026",21,0
2026-05-31,GbFgtPgJMu8,donk casually drops a 4K in EWC #cs2 #counterstrike #esportsworldcup2026 #Shorts,"Aug 18, 2026",21,0
2026-06-01,GbFgtPgJMu8,donk casually drops a 4K in EWC #cs2 #counterstrike #esportsworldcup2026 #Shorts,"Aug 18, 2026",21,0
2026-06-02,GbFgtPgJMu8,donk casually drops a 4K in EWC #cs2 #counterstrike #esportsworldcup2026 #Shorts,"Aug 18, 2026",21,0
2026-06-03,GbFgtPgJMu8,donk casually drops a 4K in EWC #cs2 #counterstrike #esportsworldcup2026 #Shorts,"Aug 18, 2026",21,0
2026-06-04,GbFgtPgJMu8,donk casually drops a 4K in EWC #cs2 #counterstrike #esportsworldcup2026 #Shorts,"Aug 18, 2026",21,0
2026-06-05,GbFgtPgJMu8,donk casually drops a 4K in EWC #cs2 #counterstrike #esportsworldcup2026 #Shorts,"Aug 18, 2026",21,0
2026-06-06,GbFgtPgJMu8,donk casually drops a 4K in EWC #cs2 #counterstrike #esportsworldcup2026 #Shorts,"Aug 18, 2026",21,0
2026-06-07,GbFgtPgJMu8,donk casually drops a 4K in EWC #cs2 #counterstrike #esportsworldcup2026 #Shorts,"Aug 18, 2026",21,0
2026-06-08,GbFgtPgJMu8,donk casually drops a 4K in EWC #cs2 #counterstrike #esportsworldcup2026 #Shorts,"Aug 18, 2026",21,0
2026-06-09,GbFgtPgJMu8,donk casually drops a 4K in EWC #cs2 #counterstrike #esportsworldcup2026 #Shorts,"Aug 18, 2026",21,0
2026-06-10,GbFgtPgJMu8,donk casually drops a 4K in EWC #cs2 #counterstrike #esportsworldcup2026 #Shorts,"Aug 18, 2026",21,0
2026-06-11,GbFgtPgJMu8,donk casually drops a 4K in EWC #cs2 #counterstrike #esportsworldcup2026 #Shorts,"Aug 18, 2026",21,0
2026-06-12,GbFgtPgJMu8,donk casually drops a 4K in EWC #cs2 #counterstrike #esportsworldcup2026 #Shorts,"Aug 18, 2026",21,0
2026-06-13,GbFgtPgJMu8,donk casually drops a 4K in EWC #cs2 #counterstrike #esportsworldcup2026 #Shorts,"Aug 18, 2026",21,0
2026-06-14,GbFgtPgJMu8,donk casually drops a 4K in EWC #cs2 #counterstrike #esportsworldcup2026 #Shorts,"Aug 18, 2026",21,0
2026-06-15,GbFgtPgJMu8,donk casually drops a 4K in EWC #cs2 #counterstrike #esportsworldcup2026 #Shorts,"Aug 18, 2026",21,0
2026-06-16,GbFgtPgJMu8,donk casually drops a 4K in EWC #cs2 #counterstrike #esportsworldcup2026 #Shorts,"Aug 18, 2026",21,0
2026-06-17,GbFgtPgJMu8,donk casually drops a 4K in EWC #cs2 #counterstrike #esportsworldcup2026 #Shorts,"Aug 18, 2026",21,0
2026-06-18,GbFgtPgJMu8,donk casually drops a 4K in EWC #cs2 #counterstrike #esportsworldcup2026 #Shorts,"Aug 18, 2026",21,0
2026-06-19,GbFgtPgJMu8,donk casually drops a 4K in EWC #cs2 #counterstrike #esportsworldcup2026 #Shorts,"Aug 18, 2026",21,0
2026-06-20,GbFgtPgJMu8,donk casually drops a 4K in EWC #cs2 #counterstrike #esportsworldcup2026 #Shorts,"Aug 18, 2026",21,0
2026-06-21,GbFgtPgJMu8,donk casually drops a 4K in EWC #cs2 #counterstrike #esportsworldcup2026 #Shorts,"Aug 18, 2026",21,0
2026-06-22,GbFgtPgJMu8,donk casually drops a 4K in EWC #cs2 #counterstrike #esportsworldcup2026 #Shorts,"Aug 18, 2026",21,0
2026-06-23,GbFgtPgJMu8,donk casually drops a 4K in EWC #cs2 #counterstrike #esportsworldcup2026 #Shorts,"Aug 18, 2026",21,0
2026-06-24,GbFgtPgJMu8,donk casually drops a 4K in EWC #cs2 #counterstrike #esportsworldcup2026 #Shorts,"Aug 18, 2026",21,0
2026-06-25,GbFgtPgJMu8,donk casually drops a 4K in EWC #cs2 #counterstrike #esportsworldcup2026 #Shorts,"Aug 18, 2026",21,0
2026-06-26,GbFgtPgJMu8,donk casually drops a 4K in EWC #cs2 #counterstrike #esportsworldcup2026 #Shorts,"Aug 18, 2026",21,0
2026-06-27,GbFgtPgJMu8,donk casually drops a 4K in EWC #cs2 #counterstrike #esportsworldcup2026 #Shorts,"Aug 18, 2026",21,0
2026-06-28,GbFgtPgJMu8,donk casually drops a 4K in EWC #cs2 #counterstrike #esportsworldcup2026 #Shorts,"Aug 18, 2026",21,0
2026-06-29,GbFgtPgJMu8,donk casually drops a 4K in EWC #cs2 #counterstrike #esportsworldcup2026 #Shorts,"Aug 18, 2026",21,0
2026-06-30,GbFgtPgJMu8,donk casually drops a 4K in EWC #cs2 #counterstrike #esportsworldcup2026 #Shorts,"Aug 18, 2026",21,0
2026-07-01,GbFgtPgJMu8,donk casually drops a 4K in EWC #cs2 #counterstrike #esportsworldcup2026 #Shorts,"Aug 18, 2026",21,0
2026-07-02,GbFgtPgJMu8,donk casually drops a 4K in EWC #cs2 #counterstrike #esportsworldcup2026 #Shorts,"Aug 18, 2026",21,0
2026-07-03,GbFgtPgJMu8,donk casually drops a 4K in EWC #cs2 #counterstrike #esportsworldcup2026 #Shorts,"Aug 18, 2026",21,0
2026-07-04,GbFgtPgJMu8,donk casually drops a 4K in EWC #cs2 #counterstrike #esportsworldcup2026 #Shorts,"Aug 18, 2026",21,0
2026-07-05,GbFgtPgJMu8,donk casually drops a 4K in EWC #cs2 #counterstrike #esportsworldcup2026 #Shorts,"Aug 18, 2026",21,0
2026-07-06,GbFgtPgJMu8,donk casually drops a 4K in EWC #cs2 #counterstrike #esportsworldcup2026 #Shorts,"Aug 18, 2026",21,0
2026-07-07,GbFgtPgJMu8,donk casually drops a 4K in EWC #cs2 #counterstrike #esportsworldcup2026 #Shorts,"Aug 18, 2026",21,0
2026-07-08,GbFgtPgJMu8,donk casually drops a 4K in EWC #cs2 #counterstrike #esportsworldcup2026 #Shorts,"Aug 18, 2026",21,0
2026-07-09,GbFgtPgJMu8,donk casually drops a 4K in EWC #cs2 #counterstrike #esportsworldcup2026 #Shorts,"Aug 18, 2026",21,0
2026-07-10,GbFgtPgJMu8,donk casually drops a 4K in EWC #cs2 #counterstrike #esportsworldcup2026 #Shorts,"Aug 18, 2026",21,0
2026-07-11,GbFgtPgJMu8,donk casually drops a 4K in EWC #cs2 #counterstrike #esportsworldcup2026 #Shorts,"Aug 18, 2026",21,0
2026-07-12,GbFgtPgJMu8,donk casually drops a 4K in EWC #cs2 #counterstrike #esportsworldcup2026 #Shorts,"Aug 18, 2026",21,0
2026-07-13,GbFgtPgJMu8,donk casually drops a 4K in EWC #cs2 #counterstrike #esportsworldcup2026 #Shorts,"Aug 18, 2026",21,0
2026-07-14,GbFgtPgJMu8,donk casually drops a 4K in EWC #cs2 #counterstrike #esportsworldcup2026 #Shorts,"Aug 18, 2026",21,0
2026-07-15,GbFgtPgJMu8,donk casually drops a 4K in EWC #cs2 #counterstrike #esportsworldcup2026 #Shorts,"Aug 18, 2026",21,0
2026-07-16,GbFgtPgJMu8,donk casually drops a 4K in EWC #cs2 #counterstrike #esportsworldcup2026 #Shorts,"Aug 18, 2026",21,0
2026-07-17,GbFgtPgJMu8,donk casually drops a 4K in EWC #cs2 #counterstrike #esportsworldcup2026 #Shorts,"Aug 18, 2026",21,0
2026-07-18,GbFgtPgJMu8,donk casually drops a 4K in EWC #cs2 #counterstrike #esportsworldcup2026 #Shorts,"Aug 18, 2026",21,0
2026-07-19,GbFgtPgJMu8,donk casually drops a 4K in EWC #cs2 #counterstrike #esportsworldcup2026 #Shorts,"Aug 18, 2026",21,0
2026-07-20,GbFgtPgJMu8,donk casually drops a 4K in EWC #cs2 #counterstrike #esportsworldcup2026 #Shorts,"Aug 18, 2026",21,0
2026-07-21,GbFgtPgJMu8,donk casually drops a 4K in EWC #cs2 #counterstrike #esportsworldcup2026 #Shorts,"Aug 18, 2026",21,0
2026-07-22,GbFgtPgJMu8,donk casually drops a 4K in EWC #cs2 #counterstrike #esportsworldcup2026 #Shorts,"Aug 18, 2026",21,0
2026-07-23,GbFgtPgJMu8,donk casually drops a 4K in EWC #cs2 #counterstrike #esportsworldcup2026 #Shorts,"Aug 18, 2026",21,0
2026-07-24,GbFgtPgJMu8,donk casually drops a 4K in EWC #cs2 #counterstrike #esportsworldcup2026 #Shorts,"Aug 18, 2026",21,0
2026-07-25,GbFgtPgJMu8,donk casually drops a 4K in EWC #cs2 #counterstrike #esportsworldcup2026 #Shorts,"Aug 18, 2026",21,0
2026-07-26,GbFgtPgJMu8,donk casually drops a 4K in EWC #cs2 #counterstrike #esportsworldcup2026 #Shorts,"Aug 18, 2026",21,0
2026-07-27,GbFgtPgJMu8,donk casually drops a 4K in EWC #cs2 #counterstrike #esportsworldcup2026 #Shorts,"Aug 18, 2026",21,0
2026-07-28,GbFgtPgJMu8,donk casually drops a 4K in EWC #cs2 #counterstrike #esportsworldcup2026 #Shorts,"Aug 18, 2026",21,0
2026-07-29,GbFgtPgJMu8,donk casually drops a 4K in EWC #cs2 #counterstrike #esportsworldcup2026 #Shorts,"Aug 18, 2026",21,0
2026-07-30,GbFgtPgJMu8,donk casually drops a 4K in EWC #cs2 #counterstrike #esportsworldcup2026 #Shorts,"Aug 18, 2026",21,0
2026-07-31,GbFgtPgJMu8,donk casually drops a 4K in EWC #cs2 #counterstrike #esportsworldcup2026 #Shorts,"Aug 18, 2026",21,0
2026-08-01,GbFgtPgJMu8,donk casually drops a 4K in EWC #cs2 #counterstrike #esportsworldcup2026 #Shorts,"Aug 18, 2026",21,0
2026-08-02,GbFgtPgJMu8,donk casually drops a 4K in EWC #cs2 #counterstrike #esportsworldcup2026 #Shorts,"Aug 18, 2026",21,0
2026-08-03,GbFgtPgJMu8,donk casually drops a 4K in EWC #cs2 #counterstrike #esportsworldcup2026 #Shorts,"Aug 18, 2026",21,0
2026-08-04,GbFgtPgJMu8,donk casually drops a 4K in EWC #cs2 #counterstrike #esportsworldcup2026 #Shorts,"Aug 18, 2026",21,0
2026-08-05,GbFgtPgJMu8,donk casually drops a 4K in EWC #cs2 #counterstrike #esportsworldcup2026 #Shorts,"Aug 18, 2026",21,0
2026-08-06,GbFgtPgJMu8,donk casually drops a 4K in EWC #cs2 #counterstrike #esportsworldcup2026 #Shorts,"Aug 18, 2026",21,0
2026-08-07,GbFgtPgJMu8,donk casually drops a 4K in EWC #cs2 #counterstrike #esportsworldcup2026 #Shorts,"Aug 18, 2026",21,0
2026-08-08,GbFgtPgJMu8,donk casually drops a 4K in EWC #cs2 #counterstrike #esportsworldcup2026 #Shorts,"Aug 18, 2026",21,0
2026-08-09,GbFgtPgJMu8,donk casually drops a 4K in EWC #cs2 #counterstrike #esportsworldcup2026 #Shorts,"Aug 18, 2026",21,0
2026-08-10,GbFgtPgJMu8,donk casually drops a 4K in EWC #cs2 #counterstrike #esportsworldcup2026 #Shorts,"Aug 18, 2026",21,0
2026-08-11,GbFgtPgJMu8,donk casually drops a 4K in EWC #cs2 #counterstrike #esportsworldcup2026 #Shorts,"Aug 18, 2026",21,0
2026-08-12,GbFgtPgJMu8,donk casually drops a 4K in EWC #cs2 #counterstrike #esportsworldcup2026 #Shorts,"Aug 18, 2026",21,0
2026-08-13,GbFgtPgJMu8,donk casually drops a 4K in EWC #cs2 #counterstrike #esportsworldcup2026 #Shorts,"Aug 18, 2026",21,0
2026-08-14,GbFgtPgJMu8,donk casually drops a 4K in EWC #cs2 #counterstrike #esportsworldcup2026 #Shorts,"Aug 18, 2026",21,0
2026-08-15,GbFgtPgJMu8,donk casually drops a 4K in EWC #cs2 #counterstrike #esportsworldcup2026 #Shorts,"Aug 18, 2026",21,0
2026-08-16,GbFgtPgJMu8,donk casually drops a 4K in EWC #cs2 #counterstrike #esportsworldcup2026 #Shorts,"Aug 18, 2026",21,0
2026-08-17,GbFgtPgJMu8,donk casually drops a 4K in EWC #cs2 #counterstrike #esportsworldcup2026 #Shorts,"Aug 18, 2026",21,482
2026-08-18,GbFgtPgJMu8,donk casually drops a 4K in EWC #cs2 #counterstrike #esportsworldcup2026 #Shorts,"Aug 18, 2026",21,535
2026-08-19,GbFgtPgJMu8,donk casually drops a 4K in EWC #cs2 #counterstrike #esportsworldcup2026 #Shorts,"Aug 18, 2026",21,183
2026-08-20,GbFgtPgJMu8,donk casually drops a 4K in EWC #cs2 #counterstrike #esportsworldcup2026 #Shorts,"Aug 18, 2026",21,27
2026-08-21,GbFgtPgJMu8,donk casually drops a 4K in EWC #cs2 #counterstrike #esportsworldcup2026 #Shorts,"Aug 18, 2026",21,7
2026-08-22,GbFgtPgJMu8,donk casually drops a 4K in EWC #cs2 #counterstrike #esportsworldcup2026 #Shorts,"Aug 18, 2026",21,8
2026-08-23,GbFgtPgJMu8,donk casually drops a 4K in EWC #cs2 #counterstrike #esportsworldcup2026 #Shorts,"Aug 18, 2026",21,1
2026-08-24,GbFgtPgJMu8,donk casually drops a 4K in EWC #cs2 #counterstrike #esportsworldcup2026 #Shorts,"Aug 18, 2026",21,5
2026-08-25,GbFgtPgJMu8,donk casually drops a 4K in EWC #cs2 #counterstrike #esportsworldcup2026 #Shorts,"Aug 18, 2026",21,1
2026-08-26,GbFgtPgJMu8,donk casually drops a 4K in EWC #cs2 #counterstrike #esportsworldcup2026 #Shorts,"Aug 18, 2026",21,0
2026-08-27,GbFgtPgJMu8,donk casually drops a 4K in EWC #cs2 #counterstrike #esportsworldcup2026 #Shorts,"Aug 18, 2026",21,0
2026-08-28,GbFgtPgJMu8,donk casually drops a 4K in EWC #cs2 #counterstrike #esportsworldcup2026 #Shorts,"Aug 18, 2026",21,0
2026-08-29,GbFgtPgJMu8,donk casually drops a 4K in EWC #cs2 #counterstrike #esportsworldcup2026 #Shorts,"Aug 18, 2026",21,3
2026-08-30,GbFgtPgJMu8,donk casually drops a 4K in EWC #cs2 #counterstrike #esportsworldcup2026 #Shorts,"Aug 18, 2026",21,1
2026-08-31,GbFgtPgJMu8,donk casually drops a 4K in EWC #cs2 #counterstrike #esportsworldcup2026 #Shorts,"Aug 18, 2026",21,0
2026-09-01,GbFgtPgJMu8,donk casually drops a 4K in EWC #cs2 #counterstrike #esportsworldcup2026 #Shorts,"Aug 18, 2026",21,1
2026-09-02,GbFgtPgJMu8,donk casually drops a 4K in EWC #cs2 #counterstrike #esportsworldcup2026 #Shorts,"Aug 18, 2026",21,0
2026-09-03,GbFgtPgJMu8,donk casually drops a 4K in EWC #cs2 #counterstrike #esportsworldcup2026 #Shorts,"Aug 18, 2026",21,0
2026-09-04,GbFgtPgJMu8,donk casually drops a 4K in EWC #cs2 #counterstrike #esportsworldcup2026 #Shorts,"Aug 18, 2026",21,0
2026-09-05,GbFgtPgJMu8,donk casually drops a 4K in EWC #cs2 #counterstrike #esportsworldcup2026 #Shorts,"Aug 18, 2026",21,0
2026-09-06,GbFgtPgJMu8,donk casually drops a 4K in EWC #cs2 #counterstrike #esportsworldcup2026 #Shorts,"Aug 18, 2026",21,0
2026-09-07,GbFgtPgJMu8,donk casually drops a 4K in EWC #cs2 #counterstrike #esportsworldcup2026 #Shorts,"Aug 18, 2026",21,0
2026-09-08,GbFgtPgJMu8,donk casually drops a 4K in EWC #cs2 #counterstrike #esportsworldcup2026 #Shorts,"Aug 18, 2026",21,0
2026-09-09,GbFgtPgJMu8,donk casually drops a 4K in EWC #cs2 #counterstrike #esportsworldcup2026 #Shorts,"Aug 18, 2026",21,0
2026-09-10,GbFgtPgJMu8,donk casually drops a 4K in EWC #cs2 #counterstrike #esportsworldcup2026 #Shorts,"Aug 18, 2026",21,0
2026-09-11,GbFgtPgJMu8,donk casually drops a 4K in EWC #cs2 #counterstrike #esportsworldcup2026 #Shorts,"Aug 18, 2026",21,0
2026-09-12,GbFgtPgJMu8,donk casually drops a 4K in EWC #cs2 #counterstrike #esportsworldcup2026 #Shorts,"Aug 18, 2026",21,1
2026-09-13,GbFgtPgJMu8,donk casually drops a 4K in EWC #cs2 #counterstrike #esportsworldcup2026 #Shorts,"Aug 18, 2026",21,3
2026-09-14,GbFgtPgJMu8,donk casually drops a 4K in EWC #cs2 #counterstrike #esportsworldcup2026 #Shorts,"Aug 18, 2026",21,2
2026-09-15,GbFgtPgJMu8,donk casually drops a 4K in EWC #cs2 #counterstrike #esportsworldcup2026 #Shorts,"Aug 18, 2026",21,0
2026-09-16,GbFgtPgJMu8,donk casually drops a 4K in EWC #cs2 #counterstrike #esportsworldcup2026 #Shorts,"Aug 18, 2026",21,0
2026-09-17,GbFgtPgJMu8,donk casually drops a 4K in EWC #cs2 #counterstrike #esportsworldcup2026 #Shorts,"Aug 18, 2026",21,0
2026-09-18,GbFgtPgJMu8,donk casually drops a 4K in EWC #cs2 #counterstrike #esportsworldcup2026 #Shorts,"Aug 18, 2026",21,2
2026-09-19,GbFgtPgJMu8,donk casually drops a 4K in EWC #cs2 #counterstrike #esportsworldcup2026 #Shorts,"Aug 18, 2026",21,1
2026-09-20,GbFgtPgJMu8,donk casually drops a 4K in EWC #cs2 #counterstrike #esportsworldcup2026 #Shorts,"Aug 18, 2026",21,0
2026-09-21,GbFgtPgJMu8,donk casually drops a 4K in EWC #cs2 #counterstrike #esportsworldcup2026 #Shorts,"Aug 18, 2026",21,0
2026-09-22,GbFgtPgJMu8,donk casually drops a 4K in EWC #cs2 #counterstrike #esportsworldcup2026 #Shorts,"Aug 18, 2026",21,2
2026-09-23,GbFgtPgJMu8,donk casually drops a 4K in EWC #cs2 #counterstrike #esportsworldcup2026 #Shorts,"Aug 18, 2026",21,0
2025-09-24,Q4sLcCbvHmM,ZywOo's 4K vs Spirit on Nuke #cs2 #counterstrike #esportworldcup2026,"Aug 24, 2026",21,0
2025-09-25,Q4sLcCbvHmM,ZywOo's 4K vs Spirit on Nuke #cs2 #counterstrike #esportworldcup2026,"Aug 24, 2026",21,0
2025-09-26,Q4sLcCbvHmM,ZywOo's 4K vs Spirit on Nuke #cs2 #counterstrike #esportworldcup2026,"Aug 24, 2026",21,0
2025-09-27,Q4sLcCbvHmM,ZywOo's 4K vs Spirit on Nuke #cs2 #counterstrike #esportworldcup2026,"Aug 24, 2026",21,0
2025-09-28,Q4sLcCbvHmM,ZywOo's 4K vs Spirit on Nuke #cs2 #counterstrike #esportworldcup2026,"Aug 24, 2026",21,0
2025-09-29,Q4sLcCbvHmM,ZywOo's 4K vs Spirit on Nuke #cs2 #counterstrike #esportworldcup2026,"Aug 24, 2026",21,0
2025-09-30,Q4sLcCbvHmM,ZywOo's 4K vs Spirit on Nuke #cs2 #counterstrike #esportworldcup2026,"Aug 24, 2026",21,0
2025-10-01,Q4sLcCbvHmM,ZywOo's 4K vs Spirit on Nuke #cs2 #counterstrike #esportworldcup2026,"Aug 24, 2026",21,0
2025-10-02,Q4sLcCbvHmM,ZywOo's 4K vs Spirit on Nuke #cs2 #counterstrike #esportworldcup2026,"Aug 24, 2026",21,0
2025-10-03,Q4sLcCbvHmM,ZywOo's 4K vs Spirit on Nuke #cs2 #counterstrike #esportworldcup2026,"Aug 24, 2026",21,0
2025-10-04,Q4sLcCbvHmM,ZywOo's 4K vs Spirit on Nuke #cs2 #counterstrike #esportworldcup2026,"Aug 24, 2026",21,0
2025-10-05,Q4sLcCbvHmM,ZywOo's 4K vs Spirit on Nuke #cs2 #counterstrike #esportworldcup2026,"Aug 24, 2026",21,0
2025-10-06,Q4sLcCbvHmM,ZywOo's 4K vs Spirit on Nuke #cs2 #counterstrike #esportworldcup2026,"Aug 24, 2026",21,0
2025-10-07,Q4sLcCbvHmM,ZywOo's 4K vs Spirit on Nuke #cs2 #counterstrike #esportworldcup2026,"Aug 24, 2026",21,0
2025-10-08,Q4sLcCbvHmM,ZywOo's 4K vs Spirit on Nuke #cs2 #counterstrike #esportworldcup2026,"Aug 24, 2026",21,0
2025-10-09,Q4sLcCbvHmM,ZywOo's 4K vs Spirit on Nuke #cs2 #counterstrike #esportworldcup2026,"Aug 24, 2026",21,0
2025-10-10,Q4sLcCbvHmM,ZywOo's 4K vs Spirit on Nuke #cs2 #counterstrike #esportworldcup2026,"Aug 24, 2026",21,0
2025-10-11,Q4sLcCbvHmM,ZywOo's 4K vs Spirit on Nuke #cs2 #counterstrike #esportworldcup2026,"Aug 24, 2026",21,0
2025-10-12,Q4sLcCbvHmM,ZywOo's 4K vs Spirit on Nuke #cs2 #counterstrike #esportworldcup2026,"Aug 24, 2026",21,0
2025-10-13,Q4sLcCbvHmM,ZywOo's 4K vs Spirit on Nuke #cs2 #counterstrike #esportworldcup2026,"Aug 24, 2026",21,0
2025-10-14,Q4sLcCbvHmM,ZywOo's 4K vs Spirit on Nuke #cs2 #counterstrike #esportworldcup2026,"Aug 24, 2026",21,0
2025-10-15,Q4sLcCbvHmM,ZywOo's 4K vs Spirit on Nuke #cs2 #counterstrike #esportworldcup2026,"Aug 24, 2026",21,0
2025-10-16,Q4sLcCbvHmM,ZywOo's 4K vs Spirit on Nuke #cs2 #counterstrike #esportworldcup2026,"Aug 24, 2026",21,0
2025-10-17,Q4sLcCbvHmM,ZywOo's 4K vs Spirit on Nuke #cs2 #counterstrike #esportworldcup2026,"Aug 24, 2026",21,0
2025-10-18,Q4sLcCbvHmM,ZywOo's 4K vs Spirit on Nuke #cs2 #counterstrike #esportworldcup2026,"Aug 24, 2026",21,0
2025-10-19,Q4sLcCbvHmM,ZywOo's 4K vs Spirit on Nuke #cs2 #counterstrike #esportworldcup2026,"Aug 24, 2026",21,0
2025-10-20,Q4sLcCbvHmM,ZywOo's 4K vs Spirit on Nuke #cs2 #counterstrike #esportworldcup2026,"Aug 24, 2026",21,0
2025-10-21,Q4sLcCbvHmM,ZywOo's 4K vs Spirit on Nuke #cs2 #counterstrike #esportworldcup2026,"Aug 24, 2026",21,0
2025-10-22,Q4sLcCbvHmM,ZywOo's 4K vs Spirit on Nuke #cs2 #counterstrike #esportworldcup2026,"Aug 24, 2026",21,0
2025-10-23,Q4sLcCbvHmM,ZywOo's 4K vs Spirit on Nuke #cs2 #counterstrike #esportworldcup2026,"Aug 24, 2026",21,0
2025-10-24,Q4sLcCbvHmM,ZywOo's 4K vs Spirit on Nuke #cs2 #counterstrike #esportworldcup2026,"Aug 24, 2026",21,0
2025-10-25,Q4sLcCbvHmM,ZywOo's 4K vs Spirit on Nuke #cs2 #counterstrike #esportworldcup2026,"Aug 24, 2026",21,0
2025-10-26,Q4sLcCbvHmM,ZywOo's 4K vs Spirit on Nuke #cs2 #counterstrike #esportworldcup2026,"Aug 24, 2026",21,0
2025-10-27,Q4sLcCbvHmM,ZywOo's 4K vs Spirit on Nuke #cs2 #counterstrike #esportworldcup2026,"Aug 24, 2026",21,0
2025-10-28,Q4sLcCbvHmM,ZywOo's 4K vs Spirit on Nuke #cs2 #counterstrike #esportworldcup2026,"Aug 24, 2026",21,0
2025-10-29,Q4sLcCbvHmM,ZywOo's 4K vs Spirit on Nuke #cs2 #counterstrike #esportworldcup2026,"Aug 24, 2026",21,0
2025-10-30,Q4sLcCbvHmM,ZywOo's 4K vs Spirit on Nuke #cs2 #counterstrike #esportworldcup2026,"Aug 24, 2026",21,0
2025-10-31,Q4sLcCbvHmM,ZywOo's 4K vs Spirit on Nuke #cs2 #counterstrike #esportworldcup2026,"Aug 24, 2026",21,0
2025-11-01,Q4sLcCbvHmM,ZywOo's 4K vs Spirit on Nuke #cs2 #counterstrike #esportworldcup2026,"Aug 24, 2026",21,0
2025-11-02,Q4sLcCbvHmM,ZywOo's 4K vs Spirit on Nuke #cs2 #counterstrike #esportworldcup2026,"Aug 24, 2026",21,0
2025-11-03,Q4sLcCbvHmM,ZywOo's 4K vs Spirit on Nuke #cs2 #counterstrike #esportworldcup2026,"Aug 24, 2026",21,0
2025-11-04,Q4sLcCbvHmM,ZywOo's 4K vs Spirit on Nuke #cs2 #counterstrike #esportworldcup2026,"Aug 24, 2026",21,0
2025-11-05,Q4sLcCbvHmM,ZywOo's 4K vs Spirit on Nuke #cs2 #counterstrike #esportworldcup2026,"Aug 24, 2026",21,0
2025-11-06,Q4sLcCbvHmM,ZywOo's 4K vs Spirit on Nuke #cs2 #counterstrike #esportworldcup2026,"Aug 24, 2026",21,0
2025-11-07,Q4sLcCbvHmM,ZywOo's 4K vs Spirit on Nuke #cs2 #counterstrike #esportworldcup2026,"Aug 24, 2026",21,0
2025-11-08,Q4sLcCbvHmM,ZywOo's 4K vs Spirit on Nuke #cs2 #counterstrike #esportworldcup2026,"Aug 24, 2026",21,0
2025-11-09,Q4sLcCbvHmM,ZywOo's 4K vs Spirit on Nuke #cs2 #counterstrike #esportworldcup2026,"Aug 24, 2026",21,0
2025-11-10,Q4sLcCbvHmM,ZywOo's 4K vs Spirit on Nuke #cs2 #counterstrike #esportworldcup2026,"Aug 24, 2026",21,0
2025-11-11,Q4sLcCbvHmM,ZywOo's 4K vs Spirit on Nuke #cs2 #counterstrike #esportworldcup2026,"Aug 24, 2026",21,0
2025-11-12,Q4sLcCbvHmM,ZywOo's 4K vs Spirit on Nuke #cs2 #counterstrike #esportworldcup2026,"Aug 24, 2026",21,0
2025-11-13,Q4sLcCbvHmM,ZywOo's 4K vs Spirit on Nuke #cs2 #counterstrike #esportworldcup2026,"Aug 24, 2026",21,0
2025-11-14,Q4sLcCbvHmM,ZywOo's 4K vs Spirit on Nuke #cs2 #counterstrike #esportworldcup2026,"Aug 24, 2026",21,0
2025-11-15,Q4sLcCbvHmM,ZywOo's 4K vs Spirit on Nuke #cs2 #counterstrike #esportworldcup2026,"Aug 24, 2026",21,0
2025-11-16,Q4sLcCbvHmM,ZywOo's 4K vs Spirit on Nuke #cs2 #counterstrike #esportworldcup2026,"Aug 24, 2026",21,0
2025-11-17,Q4sLcCbvHmM,ZywOo's 4K vs Spirit on Nuke #cs2 #counterstrike #esportworldcup2026,"Aug 24, 2026",21,0
2025-11-18,Q4sLcCbvHmM,ZywOo's 4K vs Spirit on Nuke #cs2 #counterstrike #esportworldcup2026,"Aug 24, 2026",21,0
2025-11-19,Q4sLcCbvHmM,ZywOo's 4K vs Spirit on Nuke #cs2 #counterstrike #esportworldcup2026,"Aug 24, 2026",21,0
2025-11-20,Q4sLcCbvHmM,ZywOo's 4K vs Spirit on Nuke #cs2 #counterstrike #esportworldcup2026,"Aug 24, 2026",21,0
2025-11-21,Q4sLcCbvHmM,ZywOo's 4K vs Spirit on Nuke #cs2 #counterstrike #esportworldcup2026,"Aug 24, 2026",21,0
2025-11-22,Q4sLcCbvHmM,ZywOo's 4K vs Spirit on Nuke #cs2 #counterstrike #esportworldcup2026,"Aug 24, 2026",21,0
2025-11-23,Q4sLcCbvHmM,ZywOo's 4K vs Spirit on Nuke #cs2 #counterstrike #esportworldcup2026,"Aug 24, 2026",21,0
2025-11-24,Q4sLcCbvHmM,ZywOo's 4K vs Spirit on Nuke #cs2 #counterstrike #esportworldcup2026,"Aug 24, 2026",21,0
2025-11-25,Q4sLcCbvHmM,ZywOo's 4K vs Spirit on Nuke #cs2 #counterstrike #esportworldcup2026,"Aug 24, 2026",21,0
2025-11-26,Q4sLcCbvHmM,ZywOo's 4K vs Spirit on Nuke #cs2 #counterstrike #esportworldcup2026,"Aug 24, 2026",21,0
2025-11-27,Q4sLcCbvHmM,ZywOo's 4K vs Spirit on Nuke #cs2 #counterstrike #esportworldcup2026,"Aug 24, 2026",21,0
2025-11-28,Q4sLcCbvHmM,ZywOo's 4K vs Spirit on Nuke #cs2 #counterstrike #esportworldcup2026,"Aug 24, 2026",21,0
2025-11-29,Q4sLcCbvHmM,ZywOo's 4K vs Spirit on Nuke #cs2 #counterstrike #esportworldcup2026,"Aug 24, 2026",21,0
2025-11-30,Q4sLcCbvHmM,ZywOo's 4K vs Spirit on Nuke #cs2 #counterstrike #esportworldcup2026,"Aug 24, 2026",21,0
2025-12-01,Q4sLcCbvHmM,ZywOo's 4K vs Spirit on Nuke #cs2 #counterstrike #esportworldcup2026,"Aug 24, 2026",21,0
2025-12-02,Q4sLcCbvHmM,ZywOo's 4K vs Spirit on Nuke #cs2 #counterstrike #esportworldcup2026,"Aug 24, 2026",21,0
2025-12-03,Q4sLcCbvHmM,ZywOo's 4K vs Spirit on Nuke #cs2 #counterstrike #esportworldcup2026,"Aug 24, 2026",21,0
2025-12-04,Q4sLcCbvHmM,ZywOo's 4K vs Spirit on Nuke #cs2 #counterstrike #esportworldcup2026,"Aug 24, 2026",21,0
2025-12-05,Q4sLcCbvHmM,ZywOo's 4K vs Spirit on Nuke #cs2 #counterstrike #esportworldcup2026,"Aug 24, 2026",21,0
2025-12-06,Q4sLcCbvHmM,ZywOo's 4K vs Spirit on Nuke #cs2 #counterstrike #esportworldcup2026,"Aug 24, 2026",21,0
2025-12-07,Q4sLcCbvHmM,ZywOo's 4K vs Spirit on Nuke #cs2 #counterstrike #esportworldcup2026,"Aug 24, 2026",21,0
2025-12-08,Q4sLcCbvHmM,ZywOo's 4K vs Spirit on Nuke #cs2 #counterstrike #esportworldcup2026,"Aug 24, 2026",21,0
2025-12-09,Q4sLcCbvHmM,ZywOo's 4K vs Spirit on Nuke #cs2 #counterstrike #esportworldcup2026,"Aug 24, 2026",21,0
2025-12-10,Q4sLcCbvHmM,ZywOo's 4K vs Spirit on Nuke #cs2 #counterstrike #esportworldcup2026,"Aug 24, 2026",21,0
2025-12-11,Q4sLcCbvHmM,ZywOo's 4K vs Spirit on Nuke #cs2 #counterstrike #esportworldcup2026,"Aug 24, 2026",21,0
2025-12-12,Q4sLcCbvHmM,ZywOo's 4K vs Spirit on Nuke #cs2 #counterstrike #esportworldcup2026,"Aug 24, 2026",21,0
2025-12-13,Q4sLcCbvHmM,ZywOo's 4K vs Spirit on Nuke #cs2 #counterstrike #esportworldcup2026,"Aug 24, 2026",21,0
2025-12-14,Q4sLcCbvHmM,ZywOo's 4K vs Spirit on Nuke #cs2 #counterstrike #esportworldcup2026,"Aug 24, 2026",21,0
2025-12-15,Q4sLcCbvHmM,ZywOo's 4K vs Spirit on Nuke #cs2 #counterstrike #esportworldcup2026,"Aug 24, 2026",21,0
2025-12-16,Q4sLcCbvHmM,ZywOo's 4K vs Spirit on Nuke #cs2 #counterstrike #esportworldcup2026,"Aug 24, 2026",21,0
2025-12-17,Q4sLcCbvHmM,ZywOo's 4K vs Spirit on Nuke #cs2 #counterstrike #esportworldcup2026,"Aug 24, 2026",21,0
2025-12-18,Q4sLcCbvHmM,ZywOo's 4K vs Spirit on Nuke #cs2 #counterstrike #esportworldcup2026,"Aug 24, 2026",21,0
2025-12-19,Q4sLcCbvHmM,ZywOo's 4K vs Spirit on Nuke #cs2 #counterstrike #esportworldcup2026,"Aug 24, 2026",21,0
2025-12-20,Q4sLcCbvHmM,ZywOo's 4K vs Spirit on Nuke #cs2 #counterstrike #esportworldcup2026,"Aug 24, 2026",21,0
2025-12-21,Q4sLcCbvHmM,ZywOo's 4K vs Spirit on Nuke #cs2 #counterstrike #esportworldcup2026,"Aug 24, 2026",21,0
2025-12-22,Q4sLcCbvHmM,ZywOo's 4K vs Spirit on Nuke #cs2 #counterstrike #esportworldcup2026,"Aug 24, 2026",21,0
2025-12-23,Q4sLcCbvHmM,ZywOo's 4K vs Spirit on Nuke #cs2 #counterstrike #esportworldcup2026,"Aug 24, 2026",21,0
2025-12-24,Q4sLcCbvHmM,ZywOo's 4K vs Spirit on Nuke #cs2 #counterstrike #esportworldcup2026,"Aug 24, 2026",21,0
2025-12-25,Q4sLcCbvHmM,ZywOo's 4K vs Spirit on Nuke #cs2 #counterstrike #esportworldcup2026,"Aug 24, 2026",21,0
2025-12-26,Q4sLcCbvHmM,ZywOo's 4K vs Spirit on Nuke #cs2 #counterstrike #esportworldcup2026,"Aug 24, 2026",21,0
2025-12-27,Q4sLcCbvHmM,ZywOo's 4K vs Spirit on Nuke #cs2 #counterstrike #esportworldcup2026,"Aug 24, 2026",21,0
2025-12-28,Q4sLcCbvHmM,ZywOo's 4K vs Spirit on Nuke #cs2 #counterstrike #esportworldcup2026,"Aug 24, 2026",21,0
2025-12-29,Q4sLcCbvHmM,ZywOo's 4K vs Spirit on Nuke #cs2 #counterstrike #esportworldcup2026,"Aug 24, 2026",21,0
2025-12-30,Q4sLcCbvHmM,ZywOo's 4K vs Spirit on Nuke #cs2 #counterstrike #esportworldcup2026,"Aug 24, 2026",21,0
2025-12-31,Q4sLcCbvHmM,ZywOo's 4K vs Spirit on Nuke #cs2 #counterstrike #esportworldcup2026,"Aug 24, 2026",21,0
2026-01-01,Q4sLcCbvHmM,ZywOo's 4K vs Spirit on Nuke #cs2 #counterstrike #esportworldcup2026,"Aug 24, 2026",21,0
2026-01-02,Q4sLcCbvHmM,ZywOo's 4K vs Spirit on Nuke #cs2 #counterstrike #esportworldcup2026,"Aug 24, 2026",21,0
2026-01-03,Q4sLcCbvHmM,ZywOo's 4K vs Spirit on Nuke #cs2 #counterstrike #esportworldcup2026,"Aug 24, 2026",21,0
2026-01-04,Q4sLcCbvHmM,ZywOo's 4K vs Spirit on Nuke #cs2 #counterstrike #esportworldcup2026,"Aug 24, 2026",21,0
2026-01-05,Q4sLcCbvHmM,ZywOo's 4K vs Spirit on Nuke #cs2 #counterstrike #esportworldcup2026,"Aug 24, 2026",21,0
2026-01-06,Q4sLcCbvHmM,ZywOo's 4K vs Spirit on Nuke #cs2 #counterstrike #esportworldcup2026,"Aug 24, 2026",21,0
2026-01-07,Q4sLcCbvHmM,ZywOo's 4K vs Spirit on Nuke #cs2 #counterstrike #esportworldcup2026,"Aug 24, 2026",21,0
2026-01-08,Q4sLcCbvHmM,ZywOo's 4K vs Spirit on Nuke #cs2 #counterstrike #esportworldcup2026,"Aug 24, 2026",21,0
2026-01-09,Q4sLcCbvHmM,ZywOo's 4K vs Spirit on Nuke #cs2 #counterstrike #esportworldcup2026,"Aug 24, 2026",21,0
2026-01-10,Q4sLcCbvHmM,ZywOo's 4K vs Spirit on Nuke #cs2 #counterstrike #esportworldcup2026,"Aug 24, 2026",21,0
2026-01-11,Q4sLcCbvHmM,ZywOo's 4K vs Spirit on Nuke #cs2 #counterstrike #esportworldcup2026,"Aug 24, 2026",21,0
2026-01-12,Q4sLcCbvHmM,ZywOo's 4K vs Spirit on Nuke #cs2 #counterstrike #esportworldcup2026,"Aug 24, 2026",21,0
2026-01-13,Q4sLcCbvHmM,ZywOo's 4K vs Spirit on Nuke #cs2 #counterstrike #esportworldcup2026,"Aug 24, 2026",21,0
2026-01-14,Q4sLcCbvHmM,ZywOo's 4K vs Spirit on Nuke #cs2 #counterstrike #esportworldcup2026,"Aug 24, 2026",21,0
2026-01-15,Q4sLcCbvHmM,ZywOo's 4K vs Spirit on Nuke #cs2 #counterstrike #esportworldcup2026,"Aug 24, 2026",21,0
2026-01-16,Q4sLcCbvHmM,ZywOo's 4K vs Spirit on Nuke #cs2 #counterstrike #esportworldcup2026,"Aug 24, 2026",21,0
2026-01-17,Q4sLcCbvHmM,ZywOo's 4K vs Spirit on Nuke #cs2 #counterstrike #esportworldcup2026,"Aug 24, 2026",21,0
2026-01-18,Q4sLcCbvHmM,ZywOo's 4K vs Spirit on Nuke #cs2 #counterstrike #esportworldcup2026,"Aug 24, 2026",21,0
2026-01-19,Q4sLcCbvHmM,ZywOo's 4K vs Spirit on Nuke #cs2 #counterstrike #esportworldcup2026,"Aug 24, 2026",21,0
2026-01-20,Q4sLcCbvHmM,ZywOo's 4K vs Spirit on Nuke #cs2 #counterstrike #esportworldcup2026,"Aug 24, 2026",21,0
2026-01-21,Q4sLcCbvHmM,ZywOo's 4K vs Spirit on Nuke #cs2 #counterstrike #esportworldcup2026,"Aug 24, 2026",21,0
2026-01-22,Q4sLcCbvHmM,ZywOo's 4K vs Spirit on Nuke #cs2 #counterstrike #esportworldcup2026,"Aug 24, 2026",21,0
2026-01-23,Q4sLcCbvHmM,ZywOo's 4K vs Spirit on Nuke #cs2 #counterstrike #esportworldcup2026,"Aug 24, 2026",21,0
2026-01-24,Q4sLcCbvHmM,ZywOo's 4K vs Spirit on Nuke #cs2 #counterstrike #esportworldcup2026,"Aug 24, 2026",21,0
2026-01-25,Q4sLcCbvHmM,ZywOo's 4K vs Spirit on Nuke #cs2 #counterstrike #esportworldcup2026,"Aug 24, 2026",21,0
2026-01-26,Q4sLcCbvHmM,ZywOo's 4K vs Spirit on Nuke #cs2 #counterstrike #esportworldcup2026,"Aug 24, 2026",21,0
2026-01-27,Q4sLcCbvHmM,ZywOo's 4K vs Spirit on Nuke #cs2 #counterstrike #esportworldcup2026,"Aug 24, 2026",21,0
2026-01-28,Q4sLcCbvHmM,ZywOo's 4K vs Spirit on Nuke #cs2 #counterstrike #esportworldcup2026,"Aug 24, 2026",21,0
2026-01-29,Q4sLcCbvHmM,ZywOo's 4K vs Spirit on Nuke #cs2 #counterstrike #esportworldcup2026,"Aug 24, 2026",21,0
2026-01-30,Q4sLcCbvHmM,ZywOo's 4K vs Spirit on Nuke #cs2 #counterstrike #esportworldcup2026,"Aug 24, 2026",21,0
2026-01-31,Q4sLcCbvHmM,ZywOo's 4K vs Spirit on Nuke #cs2 #counterstrike #esportworldcup2026,"Aug 24, 2026",21,0
2026-02-01,Q4sLcCbvHmM,ZywOo's 4K vs Spirit on Nuke #cs2 #counterstrike #esportworldcup2026,"Aug 24, 2026",21,0
2026-02-02,Q4sLcCbvHmM,ZywOo's 4K vs Spirit on Nuke #cs2 #counterstrike #esportworldcup2026,"Aug 24, 2026",21,0
2026-02-03,Q4sLcCbvHmM,ZywOo's 4K vs Spirit on Nuke #cs2 #counterstrike #esportworldcup2026,"Aug 24, 2026",21,0
2026-02-04,Q4sLcCbvHmM,ZywOo's 4K vs Spirit on Nuke #cs2 #counterstrike #esportworldcup2026,"Aug 24, 2026",21,0
2026-02-05,Q4sLcCbvHmM,ZywOo's 4K vs Spirit on Nuke #cs2 #counterstrike #esportworldcup2026,"Aug 24, 2026",21,0
2026-02-06,Q4sLcCbvHmM,ZywOo's 4K vs Spirit on Nuke #cs2 #counterstrike #esportworldcup2026,"Aug 24, 2026",21,0
2026-02-07,Q4sLcCbvHmM,ZywOo's 4K vs Spirit on Nuke #cs2 #counterstrike #esportworldcup2026,"Aug 24, 2026",21,0
2026-02-08,Q4sLcCbvHmM,ZywOo's 4K vs Spirit on Nuke #cs2 #counterstrike #esportworldcup2026,"Aug 24, 2026",21,0
2026-02-09,Q4sLcCbvHmM,ZywOo's 4K vs Spirit on Nuke #cs2 #counterstrike #esportworldcup2026,"Aug 24, 2026",21,0
2026-02-10,Q4sLcCbvHmM,ZywOo's 4K vs Spirit on Nuke #cs2 #counterstrike #esportworldcup2026,"Aug 24, 2026",21,0
2026-02-11,Q4sLcCbvHmM,ZywOo's 4K vs Spirit on Nuke #cs2 #counterstrike #esportworldcup2026,"Aug 24, 2026",21,0
2026-02-12,Q4sLcCbvHmM,ZywOo's 4K vs Spirit on Nuke #cs2 #counterstrike #esportworldcup2026,"Aug 24, 2026",21,0
2026-02-13,Q4sLcCbvHmM,ZywOo's 4K vs Spirit on Nuke #cs2 #counterstrike #esportworldcup2026,"Aug 24, 2026",21,0
2026-02-14,Q4sLcCbvHmM,ZywOo's 4K vs Spirit on Nuke #cs2 #counterstrike #esportworldcup2026,"Aug 24, 2026",21,0
2026-02-15,Q4sLcCbvHmM,ZywOo's 4K vs Spirit on Nuke #cs2 #counterstrike #esportworldcup2026,"Aug 24, 2026",21,0
2026-02-16,Q4sLcCbvHmM,ZywOo's 4K vs Spirit on Nuke #cs2 #counterstrike #esportworldcup2026,"Aug 24, 2026",21,0
2026-02-17,Q4sLcCbvHmM,ZywOo's 4K vs Spirit on Nuke #cs2 #counterstrike #esportworldcup2026,"Aug 24, 2026",21,0
2026-02-18,Q4sLcCbvHmM,ZywOo's 4K vs Spirit on Nuke #cs2 #counterstrike #esportworldcup2026,"Aug 24, 2026",21,0
2026-02-19,Q4sLcCbvHmM,ZywOo's 4K vs Spirit on Nuke #cs2 #counterstrike #esportworldcup2026,"Aug 24, 2026",21,0
2026-02-20,Q4sLcCbvHmM,ZywOo's 4K vs Spirit on Nuke #cs2 #counterstrike #esportworldcup2026,"Aug 24, 2026",21,0
2026-02-21,Q4sLcCbvHmM,ZywOo's 4K vs Spirit on Nuke #cs2 #counterstrike #esportworldcup2026,"Aug 24, 2026",21,0
2026-02-22,Q4sLcCbvHmM,ZywOo's 4K vs Spirit on Nuke #cs2 #counterstrike #esportworldcup2026,"Aug 24, 2026",21,0
2026-02-23,Q4sLcCbvHmM,ZywOo's 4K vs Spirit on Nuke #cs2 #counterstrike #esportworldcup2026,"Aug 24, 2026",21,0
2026-02-24,Q4sLcCbvHmM,ZywOo's 4K vs Spirit on Nuke #cs2 #counterstrike #esportworldcup2026,"Aug 24, 2026",21,0
2026-02-25,Q4sLcCbvHmM,ZywOo's 4K vs Spirit on Nuke #cs2 #counterstrike #esportworldcup2026,"Aug 24, 2026",21,0
2026-02-26,Q4sLcCbvHmM,ZywOo's 4K vs Spirit on Nuke #cs2 #counterstrike #esportworldcup2026,"Aug 24, 2026",21,0
2026-02-27,Q4sLcCbvHmM,ZywOo's 4K vs Spirit on Nuke #cs2 #counterstrike #esportworldcup2026,"Aug 24, 2026",21,0
2026-02-28,Q4sLcCbvHmM,ZywOo's 4K vs Spirit on Nuke #cs2 #counterstrike #esportworldcup2026,"Aug 24, 2026",21,0
2026-03-01,Q4sLcCbvHmM,ZywOo's 4K vs Spirit on Nuke #cs2 #counterstrike #esportworldcup2026,"Aug 24, 2026",21,0
2026-03-02,Q4sLcCbvHmM,ZywOo's 4K vs Spirit on Nuke #cs2 #counterstrike #esportworldcup2026,"Aug 24, 2026",21,0
2026-03-03,Q4sLcCbvHmM,ZywOo's 4K vs Spirit on Nuke #cs2 #counterstrike #esportworldcup2026,"Aug 24, 2026",21,0
2026-03-04,Q4sLcCbvHmM,ZywOo's 4K vs Spirit on Nuke #cs2 #counterstrike #esportworldcup2026,"Aug 24, 2026",21,0
2026-03-05,Q4sLcCbvHmM,ZywOo's 4K vs Spirit on Nuke #cs2 #counterstrike #esportworldcup2026,"Aug 24, 2026",21,0
2026-03-06,Q4sLcCbvHmM,ZywOo's 4K vs Spirit on Nuke #cs2 #counterstrike #esportworldcup2026,"Aug 24, 2026",21,0
2026-03-07,Q4sLcCbvHmM,ZywOo's 4K vs Spirit on Nuke #cs2 #counterstrike #esportworldcup2026,"Aug 24, 2026",21,0
2026-03-08,Q4sLcCbvHmM,ZywOo's 4K vs Spirit on Nuke #cs2 #counterstrike #esportworldcup2026,"Aug 24, 2026",21,0
2026-03-09,Q4sLcCbvHmM,ZywOo's 4K vs Spirit on Nuke #cs2 #counterstrike #esportworldcup2026,"Aug 24, 2026",21,0
2026-03-10,Q4sLcCbvHmM,ZywOo's 4K vs Spirit on Nuke #cs2 #counterstrike #esportworldcup2026,"Aug 24, 2026",21,0
2026-03-11,Q4sLcCbvHmM,ZywOo's 4K vs Spirit on Nuke #cs2 #counterstrike #esportworldcup2026,"Aug 24, 2026",21,0
2026-03-12,Q4sLcCbvHmM,ZywOo's 4K vs Spirit on Nuke #cs2 #counterstrike #esportworldcup2026,"Aug 24, 2026",21,0
2026-03-13,Q4sLcCbvHmM,ZywOo's 4K vs Spirit on Nuke #cs2 #counterstrike #esportworldcup2026,"Aug 24, 2026",21,0
2026-03-14,Q4sLcCbvHmM,ZywOo's 4K vs Spirit on Nuke #cs2 #counterstrike #esportworldcup2026,"Aug 24, 2026",21,0
2026-03-15,Q4sLcCbvHmM,ZywOo's 4K vs Spirit on Nuke #cs2 #counterstrike #esportworldcup2026,"Aug 24, 2026",21,0
2026-03-16,Q4sLcCbvHmM,ZywOo's 4K vs Spirit on Nuke #cs2 #counterstrike #esportworldcup2026,"Aug 24, 2026",21,0
2026-03-17,Q4sLcCbvHmM,ZywOo's 4K vs Spirit on Nuke #cs2 #counterstrike #esportworldcup2026,"Aug 24, 2026",21,0
2026-03-18,Q4sLcCbvHmM,ZywOo's 4K vs Spirit on Nuke #cs2 #counterstrike #esportworldcup2026,"Aug 24, 2026",21,0
2026-03-19,Q4sLcCbvHmM,ZywOo's 4K vs Spirit on Nuke #cs2 #counterstrike #esportworldcup2026,"Aug 24, 2026",21,0
2026-03-20,Q4sLcCbvHmM,ZywOo's 4K vs Spirit on Nuke #cs2 #counterstrike #esportworldcup2026,"Aug 24, 2026",21,0
2026-03-21,Q4sLcCbvHmM,ZywOo's 4K vs Spirit on Nuke #cs2 #counterstrike #esportworldcup2026,"Aug 24, 2026",21,0
2026-03-22,Q4sLcCbvHmM,ZywOo's 4K vs Spirit on Nuke #cs2 #counterstrike #esportworldcup2026,"Aug 24, 2026",21,0
2026-03-23,Q4sLcCbvHmM,ZywOo's 4K vs Spirit on Nuke #cs2 #counterstrike #esportworldcup2026,"Aug 24, 2026",21,0
2026-03-24,Q4sLcCbvHmM,ZywOo's 4K vs Spirit on Nuke #cs2 #counterstrike #esportworldcup2026,"Aug 24, 2026",21,0
2026-03-25,Q4sLcCbvHmM,ZywOo's 4K vs Spirit on Nuke #cs2 #counterstrike #esportworldcup2026,"Aug 24, 2026",21,0
2026-03-26,Q4sLcCbvHmM,ZywOo's 4K vs Spirit on Nuke #cs2 #counterstrike #esportworldcup2026,"Aug 24, 2026",21,0
2026-03-27,Q4sLcCbvHmM,ZywOo's 4K vs Spirit on Nuke #cs2 #counterstrike #esportworldcup2026,"Aug 24, 2026",21,0
2026-03-28,Q4sLcCbvHmM,ZywOo's 4K vs Spirit on Nuke #cs2 #counterstrike #esportworldcup2026,"Aug 24, 2026",21,0
2026-03-29,Q4sLcCbvHmM,ZywOo's 4K vs Spirit on Nuke #cs2 #counterstrike #esportworldcup2026,"Aug 24, 2026",21,0
2026-03-30,Q4sLcCbvHmM,ZywOo's 4K vs Spirit on Nuke #cs2 #counterstrike #esportworldcup2026,"Aug 24, 2026",21,0
2026-03-31,Q4sLcCbvHmM,ZywOo's 4K vs Spirit on Nuke #cs2 #counterstrike #esportworldcup2026,"Aug 24, 2026",21,0
2026-04-01,Q4sLcCbvHmM,ZywOo's 4K vs Spirit on Nuke #cs2 #counterstrike #esportworldcup2026,"Aug 24, 2026",21,0
2026-04-02,Q4sLcCbvHmM,ZywOo's 4K vs Spirit on Nuke #cs2 #counterstrike #esportworldcup2026,"Aug 24, 2026",21,0
2026-04-03,Q4sLcCbvHmM,ZywOo's 4K vs Spirit on Nuke #cs2 #counterstrike #esportworldcup2026,"Aug 24, 2026",21,0
2026-04-04,Q4sLcCbvHmM,ZywOo's 4K vs Spirit on Nuke #cs2 #counterstrike #esportworldcup2026,"Aug 24, 2026",21,0
2026-04-05,Q4sLcCbvHmM,ZywOo's 4K vs Spirit on Nuke #cs2 #counterstrike #esportworldcup2026,"Aug 24, 2026",21,0
2026-04-06,Q4sLcCbvHmM,ZywOo's 4K vs Spirit on Nuke #cs2 #counterstrike #esportworldcup2026,"Aug 24, 2026",21,0
2026-04-07,Q4sLcCbvHmM,ZywOo's 4K vs Spirit on Nuke #cs2 #counterstrike #esportworldcup2026,"Aug 24, 2026",21,0
2026-04-08,Q4sLcCbvHmM,ZywOo's 4K vs Spirit on Nuke #cs2 #counterstrike #esportworldcup2026,"Aug 24, 2026",21,0
2026-04-09,Q4sLcCbvHmM,ZywOo's 4K vs Spirit on Nuke #cs2 #counterstrike #esportworldcup2026,"Aug 24, 2026",21,0
2026-04-10,Q4sLcCbvHmM,ZywOo's 4K vs Spirit on Nuke #cs2 #counterstrike #esportworldcup2026,"Aug 24, 2026",21,0
2026-04-11,Q4sLcCbvHmM,ZywOo's 4K vs Spirit on Nuke #cs2 #counterstrike #esportworldcup2026,"Aug 24, 2026",21,0
2026-04-12,Q4sLcCbvHmM,ZywOo's 4K vs Spirit on Nuke #cs2 #counterstrike #esportworldcup2026,"Aug 24, 2026",21,0
2026-04-13,Q4sLcCbvHmM,ZywOo's 4K vs Spirit on Nuke #cs2 #counterstrike #esportworldcup2026,"Aug 24, 2026",21,0
2026-04-14,Q4sLcCbvHmM,ZywOo's 4K vs Spirit on Nuke #cs2 #counterstrike #esportworldcup2026,"Aug 24, 2026",21,0
2026-04-15,Q4sLcCbvHmM,ZywOo's 4K vs Spirit on Nuke #cs2 #counterstrike #esportworldcup2026,"Aug 24, 2026",21,0
2026-04-16,Q4sLcCbvHmM,ZywOo's 4K vs Spirit on Nuke #cs2 #counterstrike #esportworldcup2026,"Aug 24, 2026",21,0
2026-04-17,Q4sLcCbvHmM,ZywOo's 4K vs Spirit on Nuke #cs2 #counterstrike #esportworldcup2026,"Aug 24, 2026",21,0
2026-04-18,Q4sLcCbvHmM,ZywOo's 4K vs Spirit on Nuke #cs2 #counterstrike #esportworldcup2026,"Aug 24, 2026",21,0
2026-04-19,Q4sLcCbvHmM,ZywOo's 4K vs Spirit on Nuke #cs2 #counterstrike #esportworldcup2026,"Aug 24, 2026",21,0
2026-04-20,Q4sLcCbvHmM,ZywOo's 4K vs Spirit on Nuke #cs2 #counterstrike #esportworldcup2026,"Aug 24, 2026",21,0
2026-04-21,Q4sLcCbvHmM,ZywOo's 4K vs Spirit on Nuke #cs2 #counterstrike #esportworldcup2026,"Aug 24, 2026",21,0
2026-04-22,Q4sLcCbvHmM,ZywOo's 4K vs Spirit on Nuke #cs2 #counterstrike #esportworldcup2026,"Aug 24, 2026",21,0
2026-04-23,Q4sLcCbvHmM,ZywOo's 4K vs Spirit on Nuke #cs2 #counterstrike #esportworldcup2026,"Aug 24, 2026",21,0
2026-04-24,Q4sLcCbvHmM,ZywOo's 4K vs Spirit on Nuke #cs2 #counterstrike #esportworldcup2026,"Aug 24, 2026",21,0
2026-04-25,Q4sLcCbvHmM,ZywOo's 4K vs Spirit on Nuke #cs2 #counterstrike #esportworldcup2026,"Aug 24, 2026",21,0
2026-04-26,Q4sLcCbvHmM,ZywOo's 4K vs Spirit on Nuke #cs2 #counterstrike #esportworldcup2026,"Aug 24, 2026",21,0
2026-04-27,Q4sLcCbvHmM,ZywOo's 4K vs Spirit on Nuke #cs2 #counterstrike #esportworldcup2026,"Aug 24, 2026",21,0
2026-04-28,Q4sLcCbvHmM,ZywOo's 4K vs Spirit on Nuke #cs2 #counterstrike #esportworldcup2026,"Aug 24, 2026",21,0
2026-04-29,Q4sLcCbvHmM,ZywOo's 4K vs Spirit on Nuke #cs2 #counterstrike #esportworldcup2026,"Aug 24, 2026",21,0
2026-04-30,Q4sLcCbvHmM,ZywOo's 4K vs Spirit on Nuke #cs2 #counterstrike #esportworldcup2026,"Aug 24, 2026",21,0
2026-05-01,Q4sLcCbvHmM,ZywOo's 4K vs Spirit on Nuke #cs2 #counterstrike #esportworldcup2026,"Aug 24, 2026",21,0
2026-05-02,Q4sLcCbvHmM,ZywOo's 4K vs Spirit on Nuke #cs2 #counterstrike #esportworldcup2026,"Aug 24, 2026",21,0
2026-05-03,Q4sLcCbvHmM,ZywOo's 4K vs Spirit on Nuke #cs2 #counterstrike #esportworldcup2026,"Aug 24, 2026",21,0
2026-05-04,Q4sLcCbvHmM,ZywOo's 4K vs Spirit on Nuke #cs2 #counterstrike #esportworldcup2026,"Aug 24, 2026",21,0
2026-05-05,Q4sLcCbvHmM,ZywOo's 4K vs Spirit on Nuke #cs2 #counterstrike #esportworldcup2026,"Aug 24, 2026",21,0
2026-05-06,Q4sLcCbvHmM,ZywOo's 4K vs Spirit on Nuke #cs2 #counterstrike #esportworldcup2026,"Aug 24, 2026",21,0
2026-05-07,Q4sLcCbvHmM,ZywOo's 4K vs Spirit on Nuke #cs2 #counterstrike #esportworldcup2026,"Aug 24, 2026",21,0
2026-05-08,Q4sLcCbvHmM,ZywOo's 4K vs Spirit on Nuke #cs2 #counterstrike #esportworldcup2026,"Aug 24, 2026",21,0
2026-05-09,Q4sLcCbvHmM,ZywOo's 4K vs Spirit on Nuke #cs2 #counterstrike #esportworldcup2026,"Aug 24, 2026",21,0
2026-05-10,Q4sLcCbvHmM,ZywOo's 4K vs Spirit on Nuke #cs2 #counterstrike #esportworldcup2026,"Aug 24, 2026",21,0
2026-05-11,Q4sLcCbvHmM,ZywOo's 4K vs Spirit on Nuke #cs2 #counterstrike #esportworldcup2026,"Aug 24, 2026",21,0
2026-05-12,Q4sLcCbvHmM,ZywOo's 4K vs Spirit on Nuke #cs2 #counterstrike #esportworldcup2026,"Aug 24, 2026",21,0
2026-05-13,Q4sLcCbvHmM,ZywOo's 4K vs Spirit on Nuke #cs2 #counterstrike #esportworldcup2026,"Aug 24, 2026",21,0
2026-05-14,Q4sLcCbvHmM,ZywOo's 4K vs Spirit on Nuke #cs2 #counterstrike #esportworldcup2026,"Aug 24, 2026",21,0
2026-05-15,Q4sLcCbvHmM,ZywOo's 4K vs Spirit on Nuke #cs2 #counterstrike #esportworldcup2026,"Aug 24, 2026",21,0
2026-05-16,Q4sLcCbvHmM,ZywOo's 4K vs Spirit on Nuke #cs2 #counterstrike #esportworldcup2026,"Aug 24, 2026",21,0
2026-05-17,Q4sLcCbvHmM,ZywOo's 4K vs Spirit on Nuke #cs2 #counterstrike #esportworldcup2026,"Aug 24, 2026",21,0
2026-05-18,Q4sLcCbvHmM,ZywOo's 4K vs Spirit on Nuke #cs2 #counterstrike #esportworldcup2026,"Aug 24, 2026",21,0
2026-05-19,Q4sLcCbvHmM,ZywOo's 4K vs Spirit on Nuke #cs2 #counterstrike #esportworldcup2026,"Aug 24, 2026",21,0
2026-05-20,Q4sLcCbvHmM,ZywOo's 4K vs Spirit on Nuke #cs2 #counterstrike #esportworldcup2026,"Aug 24, 2026",21,0
2026-05-21,Q4sLcCbvHmM,ZywOo's 4K vs Spirit on Nuke #cs2 #counterstrike #esportworldcup2026,"Aug 24, 2026",21,0
2026-05-22,Q4sLcCbvHmM,ZywOo's 4K vs Spirit on Nuke #cs2 #counterstrike #esportworldcup2026,"Aug 24, 2026",21,0
2026-05-23,Q4sLcCbvHmM,ZywOo's 4K vs Spirit on Nuke #cs2 #counterstrike #esportworldcup2026,"Aug 24, 2026",21,0
2026-05-24,Q4sLcCbvHmM,ZywOo's 4K vs Spirit on Nuke #cs2 #counterstrike #esportworldcup2026,"Aug 24, 2026",21,0
2026-05-25,Q4sLcCbvHmM,ZywOo's 4K vs Spirit on Nuke #cs2 #counterstrike #esportworldcup2026,"Aug 24, 2026",21,0
2026-05-26,Q4sLcCbvHmM,ZywOo's 4K vs Spirit on Nuke #cs2 #counterstrike #esportworldcup2026,"Aug 24, 2026",21,0
2026-05-27,Q4sLcCbvHmM,ZywOo's 4K vs Spirit on Nuke #cs2 #counterstrike #esportworldcup2026,"Aug 24, 2026",21,0
2026-05-28,Q4sLcCbvHmM,ZywOo's 4K vs Spirit on Nuke #cs2 #counterstrike #esportworldcup2026,"Aug 24, 2026",21,0
2026-05-29,Q4sLcCbvHmM,ZywOo's 4K vs Spirit on Nuke #cs2 #counterstrike #esportworldcup2026,"Aug 24, 2026",21,0
2026-05-30,Q4sLcCbvHmM,ZywOo's 4K vs Spirit on Nuke #cs2 #counterstrike #esportworldcup2026,"Aug 24, 2026",21,0
2026-05-31,Q4sLcCbvHmM,ZywOo's 4K vs Spirit on Nuke #cs2 #counterstrike #esportworldcup2026,"Aug 24, 2026",21,0
2026-06-01,Q4sLcCbvHmM,ZywOo's 4K vs Spirit on Nuke #cs2 #counterstrike #esportworldcup2026,"Aug 24, 2026",21,0
2026-06-02,Q4sLcCbvHmM,ZywOo's 4K vs Spirit on Nuke #cs2 #counterstrike #esportworldcup2026,"Aug 24, 2026",21,0
2026-06-03,Q4sLcCbvHmM,ZywOo's 4K vs Spirit on Nuke #cs2 #counterstrike #esportworldcup2026,"Aug 24, 2026",21,0
2026-06-04,Q4sLcCbvHmM,ZywOo's 4K vs Spirit on Nuke #cs2 #counterstrike #esportworldcup2026,"Aug 24, 2026",21,0
2026-06-05,Q4sLcCbvHmM,ZywOo's 4K vs Spirit on Nuke #cs2 #counterstrike #esportworldcup2026,"Aug 24, 2026",21,0
2026-06-06,Q4sLcCbvHmM,ZywOo's 4K vs Spirit on Nuke #cs2 #counterstrike #esportworldcup2026,"Aug 24, 2026",21,0
2026-06-07,Q4sLcCbvHmM,ZywOo's 4K vs Spirit on Nuke #cs2 #counterstrike #esportworldcup2026,"Aug 24, 2026",21,0
2026-06-08,Q4sLcCbvHmM,ZywOo's 4K vs Spirit on Nuke #cs2 #counterstrike #esportworldcup2026,"Aug 24, 2026",21,0
2026-06-09,Q4sLcCbvHmM,ZywOo's 4K vs Spirit on Nuke #cs2 #counterstrike #esportworldcup2026,"Aug 24, 2026",21,0
2026-06-10,Q4sLcCbvHmM,ZywOo's 4K vs Spirit on Nuke #cs2 #counterstrike #esportworldcup2026,"Aug 24, 2026",21,0
2026-06-11,Q4sLcCbvHmM,ZywOo's 4K vs Spirit on Nuke #cs2 #counterstrike #esportworldcup2026,"Aug 24, 2026",21,0
2026-06-12,Q4sLcCbvHmM,ZywOo's 4K vs Spirit on Nuke #cs2 #counterstrike #esportworldcup2026,"Aug 24, 2026",21,0
2026-06-13,Q4sLcCbvHmM,ZywOo's 4K vs Spirit on Nuke #cs2 #counterstrike #esportworldcup2026,"Aug 24, 2026",21,0
2026-06-14,Q4sLcCbvHmM,ZywOo's 4K vs Spirit on Nuke #cs2 #counterstrike #esportworldcup2026,"Aug 24, 2026",21,0
2026-06-15,Q4sLcCbvHmM,ZywOo's 4K vs Spirit on Nuke #cs2 #counterstrike #esportworldcup2026,"Aug 24, 2026",21,0
2026-06-16,Q4sLcCbvHmM,ZywOo's 4K vs Spirit on Nuke #cs2 #counterstrike #esportworldcup2026,"Aug 24, 2026",21,0
2026-06-17,Q4sLcCbvHmM,ZywOo's 4K vs Spirit on Nuke #cs2 #counterstrike #esportworldcup2026,"Aug 24, 2026",21,0
2026-06-18,Q4sLcCbvHmM,ZywOo's 4K vs Spirit on Nuke #cs2 #counterstrike #esportworldcup2026,"Aug 24, 2026",21,0
2026-06-19,Q4sLcCbvHmM,ZywOo's 4K vs Spirit on Nuke #cs2 #counterstrike #esportworldcup2026,"Aug 24, 2026",21,0
2026-06-20,Q4sLcCbvHmM,ZywOo's 4K vs Spirit on Nuke #cs2 #counterstrike #esportworldcup2026,"Aug 24, 2026",21,0
2026-06-21,Q4sLcCbvHmM,ZywOo's 4K vs Spirit on Nuke #cs2 #counterstrike #esportworldcup2026,"Aug 24, 2026",21,0
2026-06-22,Q4sLcCbvHmM,ZywOo's 4K vs Spirit on Nuke #cs2 #counterstrike #esportworldcup2026,"Aug 24, 2026",21,0
2026-06-23,Q4sLcCbvHmM,ZywOo's 4K vs Spirit on Nuke #cs2 #counterstrike #esportworldcup2026,"Aug 24, 2026",21,0
2026-06-24,Q4sLcCbvHmM,ZywOo's 4K vs Spirit on Nuke #cs2 #counterstrike #esportworldcup2026,"Aug 24, 2026",21,0
2026-06-25,Q4sLcCbvHmM,ZywOo's 4K vs Spirit on Nuke #cs2 #counterstrike #esportworldcup2026,"Aug 24, 2026",21,0
2026-06-26,Q4sLcCbvHmM,ZywOo's 4K vs Spirit on Nuke #cs2 #counterstrike #esportworldcup2026,"Aug 24, 2026",21,0
2026-06-27,Q4sLcCbvHmM,ZywOo's 4K vs Spirit on Nuke #cs2 #counterstrike #esportworldcup2026,"Aug 24, 2026",21,0
2026-06-28,Q4sLcCbvHmM,ZywOo's 4K vs Spirit on Nuke #cs2 #counterstrike #esportworldcup2026,"Aug 24, 2026",21,0
2026-06-29,Q4sLcCbvHmM,ZywOo's 4K vs Spirit on Nuke #cs2 #counterstrike #esportworldcup2026,"Aug 24, 2026",21,0
2026-06-30,Q4sLcCbvHmM,ZywOo's 4K vs Spirit on Nuke #cs2 #counterstrike #esportworldcup2026,"Aug 24, 2026",21,0
2026-07-01,Q4sLcCbvHmM,ZywOo's 4K vs Spirit on Nuke #cs2 #counterstrike #esportworldcup2026,"Aug 24, 2026",21,0
2026-07-02,Q4sLcCbvHmM,ZywOo's 4K vs Spirit on Nuke #cs2 #counterstrike #esportworldcup2026,"Aug 24, 2026",21,0
2026-07-03,Q4sLcCbvHmM,ZywOo's 4K vs Spirit on Nuke #cs2 #counterstrike #esportworldcup2026,"Aug 24, 2026",21,0
2026-07-04,Q4sLcCbvHmM,ZywOo's 4K vs Spirit on Nuke #cs2 #counterstrike #esportworldcup2026,"Aug 24, 2026",21,0
2026-07-05,Q4sLcCbvHmM,ZywOo's 4K vs Spirit on Nuke #cs2 #counterstrike #esportworldcup2026,"Aug 24, 2026",21,0
2026-07-06,Q4sLcCbvHmM,ZywOo's 4K vs Spirit on Nuke #cs2 #counterstrike #esportworldcup2026,"Aug 24, 2026",21,0
2026-07-07,Q4sLcCbvHmM,ZywOo's 4K vs Spirit on Nuke #cs2 #counterstrike #esportworldcup2026,"Aug 24, 2026",21,0
2026-07-08,Q4sLcCbvHmM,ZywOo's 4K vs Spirit on Nuke #cs2 #counterstrike #esportworldcup2026,"Aug 24, 2026",21,0
2026-07-09,Q4sLcCbvHmM,ZywOo's 4K vs Spirit on Nuke #cs2 #counterstrike #esportworldcup2026,"Aug 24, 2026",21,0
2026-07-10,Q4sLcCbvHmM,ZywOo's 4K vs Spirit on Nuke #cs2 #counterstrike #esportworldcup2026,"Aug 24, 2026",21,0
2026-07-11,Q4sLcCbvHmM,ZywOo's 4K vs Spirit on Nuke #cs2 #counterstrike #esportworldcup2026,"Aug 24, 2026",21,0
2026-07-12,Q4sLcCbvHmM,ZywOo's 4K vs Spirit on Nuke #cs2 #counterstrike #esportworldcup2026,"Aug 24, 2026",21,0
2026-07-13,Q4sLcCbvHmM,ZywOo's 4K vs Spirit on Nuke #cs2 #counterstrike #esportworldcup2026,"Aug 24, 2026",21,0
2026-07-14,Q4sLcCbvHmM,ZywOo's 4K vs Spirit on Nuke #cs2 #counterstrike #esportworldcup2026,"Aug 24, 2026",21,0
2026-07-15,Q4sLcCbvHmM,ZywOo's 4K vs Spirit on Nuke #cs2 #counterstrike #esportworldcup2026,"Aug 24, 2026",21,0
2026-07-16,Q4sLcCbvHmM,ZywOo's 4K vs Spirit on Nuke #cs2 #counterstrike #esportworldcup2026,"Aug 24, 2026",21,0
2026-07-17,Q4sLcCbvHmM,ZywOo's 4K vs Spirit on Nuke #cs2 #counterstrike #esportworldcup2026,"Aug 24, 2026",21,0
2026-07-18,Q4sLcCbvHmM,ZywOo's 4K vs Spirit on Nuke #cs2 #counterstrike #esportworldcup2026,"Aug 24, 2026",21,0
2026-07-19,Q4sLcCbvHmM,ZywOo's 4K vs Spirit on Nuke #cs2 #counterstrike #esportworldcup2026,"Aug 24, 2026",21,0
2026-07-20,Q4sLcCbvHmM,ZywOo's 4K vs Spirit on Nuke #cs2 #counterstrike #esportworldcup2026,"Aug 24, 2026",21,0
2026-07-21,Q4sLcCbvHmM,ZywOo's 4K vs Spirit on Nuke #cs2 #counterstrike #esportworldcup2026,"Aug 24, 2026",21,0
2026-07-22,Q4sLcCbvHmM,ZywOo's 4K vs Spirit on Nuke #cs2 #counterstrike #esportworldcup2026,"Aug 24, 2026",21,0
2026-07-23,Q4sLcCbvHmM,ZywOo's 4K vs Spirit on Nuke #cs2 #counterstrike #esportworldcup2026,"Aug 24, 2026",21,0
2026-07-24,Q4sLcCbvHmM,ZywOo's 4K vs Spirit on Nuke #cs2 #counterstrike #esportworldcup2026,"Aug 24, 2026",21,0
2026-07-25,Q4sLcCbvHmM,ZywOo's 4K vs Spirit on Nuke #cs2 #counterstrike #esportworldcup2026,"Aug 24, 2026",21,0
2026-07-26,Q4sLcCbvHmM,ZywOo's 4K vs Spirit on Nuke #cs2 #counterstrike #esportworldcup2026,"Aug 24, 2026",21,0
2026-07-27,Q4sLcCbvHmM,ZywOo's 4K vs Spirit on Nuke #cs2 #counterstrike #esportworldcup2026,"Aug 24, 2026",21,0
2026-07-28,Q4sLcCbvHmM,ZywOo's 4K vs Spirit on Nuke #cs2 #counterstrike #esportworldcup2026,"Aug 24, 2026",21,0
2026-07-29,Q4sLcCbvHmM,ZywOo's 4K vs Spirit on Nuke #cs2 #counterstrike #esportworldcup2026,"Aug 24, 2026",21,0
2026-07-30,Q4sLcCbvHmM,ZywOo's 4K vs Spirit on Nuke #cs2 #counterstrike #esportworldcup2026,"Aug 24, 2026",21,0
2026-07-31,Q4sLcCbvHmM,ZywOo's 4K vs Spirit on Nuke #cs2 #counterstrike #esportworldcup2026,"Aug 24, 2026",21,0
2026-08-01,Q4sLcCbvHmM,ZywOo's 4K vs Spirit on Nuke #cs2 #counterstrike #esportworldcup2026,"Aug 24, 2026",21,0
2026-08-02,Q4sLcCbvHmM,ZywOo's 4K vs Spirit on Nuke #cs2 #counterstrike #esportworldcup2026,"Aug 24, 2026",21,0
2026-08-03,Q4sLcCbvHmM,ZywOo's 4K vs Spirit on Nuke #cs2 #counterstrike #esportworldcup2026,"Aug 24, 2026",21,0
2026-08-04,Q4sLcCbvHmM,ZywOo's 4K vs Spirit on Nuke #cs2 #counterstrike #esportworldcup2026,"Aug 24, 2026",21,0
2026-08-05,Q4sLcCbvHmM,ZywOo's 4K vs Spirit on Nuke #cs2 #counterstrike #esportworldcup2026,"Aug 24, 2026",21,0
2026-08-06,Q4sLcCbvHmM,ZywOo's 4K vs Spirit on Nuke #cs2 #counterstrike #esportworldcup2026,"Aug 24, 2026",21,0
2026-08-07,Q4sLcCbvHmM,ZywOo's 4K vs Spirit on Nuke #cs2 #counterstrike #esportworldcup2026,"Aug 24, 2026",21,0
2026-08-08,Q4sLcCbvHmM,ZywOo's 4K vs Spirit on Nuke #cs2 #counterstrike #esportworldcup2026,"Aug 24, 2026",21,0
2026-08-09,Q4sLcCbvHmM,ZywOo's 4K vs Spirit on Nuke #cs2 #counterstrike #esportworldcup2026,"Aug 24, 2026",21,0
2026-08-10,Q4sLcCbvHmM,ZywOo's 4K vs Spirit on Nuke #cs2 #counterstrike #esportworldcup2026,"Aug 24, 2026",21,0
2026-08-11,Q4sLcCbvHmM,ZywOo's 4K vs Spirit on Nuke #cs2 #counterstrike #esportworldcup2026,"Aug 24, 2026",21,0
2026-08-12,Q4sLcCbvHmM,ZywOo's 4K vs Spirit on Nuke #cs2 #counterstrike #esportworldcup2026,"Aug 24, 2026",21,0
2026-08-13,Q4sLcCbvHmM,ZywOo's 4K vs Spirit on Nuke #cs2 #counterstrike #esportworldcup2026,"Aug 24, 2026",21,0
2026-08-14,Q4sLcCbvHmM,ZywOo's 4K vs Spirit on Nuke #cs2 #counterstrike #esportworldcup2026,"Aug 24, 2026",21,0
2026-08-15,Q4sLcCbvHmM,ZywOo's 4K vs Spirit on Nuke #cs2 #counterstrike #esportworldcup2026,"Aug 24, 2026",21,0
2026-08-16,Q4sLcCbvHmM,ZywOo's 4K vs Spirit on Nuke #cs2 #counterstrike #esportworldcup2026,"Aug 24, 2026",21,0
2026-08-17,Q4sLcCbvHmM,ZywOo's 4K vs Spirit on Nuke #cs2 #counterstrike #esportworldcup2026,"Aug 24, 2026",21,0
2026-08-18,Q4sLcCbvHmM,ZywOo's 4K vs Spirit on Nuke #cs2 #counterstrike #esportworldcup2026,"Aug 24, 2026",21,0
2026-08-19,Q4sLcCbvHmM,ZywOo's 4K vs Spirit on Nuke #cs2 #counterstrike #esportworldcup2026,"Aug 24, 2026",21,0
2026-08-20,Q4sLcCbvHmM,ZywOo's 4K vs Spirit on Nuke #cs2 #counterstrike #esportworldcup2026,"Aug 24, 2026",21,0
2026-08-21,Q4sLcCbvHmM,ZywOo's 4K vs Spirit on Nuke #cs2 #counterstrike #esportworldcup2026,"Aug 24, 2026",21,0
2026-08-22,Q4sLcCbvHmM,ZywOo's 4K vs Spirit on Nuke #cs2 #counterstrike #esportworldcup2026,"Aug 24, 2026",21,0
2026-08-23,Q4sLcCbvHmM,ZywOo's 4K vs Spirit on Nuke #cs2 #counterstrike #esportworldcup2026,"Aug 24, 2026",21,601
2026-08-24,Q4sLcCbvHmM,ZywOo's 4K vs Spirit on Nuke #cs2 #counterstrike #esportworldcup2026,"Aug 24, 2026",21,322
2026-08-25,Q4sLcCbvHmM,ZywOo's 4K vs Spirit on Nuke #cs2 #counterstrike #esportworldcup2026,"Aug 24, 2026",21,196
2026-08-26,Q4sLcCbvHmM,ZywOo's 4K vs Spirit on Nuke #cs2 #counterstrike #esportworldcup2026,"Aug 24, 2026",21,30
2026-08-27,Q4sLcCbvHmM,ZywOo's 4K vs Spirit on Nuke #cs2 #counterstrike #esportworldcup2026,"Aug 24, 2026",21,35
2026-08-28,Q4sLcCbvHmM,ZywOo's 4K vs Spirit on Nuke #cs2 #counterstrike #esportworldcup2026,"Aug 24, 2026",21,3
2026-08-29,Q4sLcCbvHmM,ZywOo's 4K vs Spirit on Nuke #cs2 #counterstrike #esportworldcup2026,"Aug 24, 2026",21,1
2026-08-30,Q4sLcCbvHmM,ZywOo's 4K vs Spirit on Nuke #cs2 #counterstrike #esportworldcup2026,"Aug 24, 2026",21,1
2026-08-31,Q4sLcCbvHmM,ZywOo's 4K vs Spirit on Nuke #cs2 #counterstrike #esportworldcup2026,"Aug 24, 2026",21,0
2026-09-01,Q4sLcCbvHmM,ZywOo's 4K vs Spirit on Nuke #cs2 #counterstrike #esportworldcup2026,"Aug 24, 2026",21,0
2026-09-02,Q4sLcCbvHmM,ZywOo's 4K vs Spirit on Nuke #cs2 #counterstrike #esportworldcup2026,"Aug 24, 2026",21,0
2026-09-03,Q4sLcCbvHmM,ZywOo's 4K vs Spirit on Nuke #cs2 #counterstrike #esportworldcup2026,"Aug 24, 2026",21,0
2026-09-04,Q4sLcCbvHmM,ZywOo's 4K vs Spirit on Nuke #cs2 #counterstrike #esportworldcup2026,"Aug 24, 2026",21,0
2026-09-05,Q4sLcCbvHmM,ZywOo's 4K vs Spirit on Nuke #cs2 #counterstrike #esportworldcup2026,"Aug 24, 2026",21,0
2026-09-06,Q4sLcCbvHmM,ZywOo's 4K vs Spirit on Nuke #cs2 #counterstrike #esportworldcup2026,"Aug 24, 2026",21,0
2026-09-07,Q4sLcCbvHmM,ZywOo's 4K vs Spirit on Nuke #cs2 #counterstrike #esportworldcup2026,"Aug 24, 2026",21,0
2026-09-08,Q4sLcCbvHmM,ZywOo's 4K vs Spirit on Nuke #cs2 #counterstrike #esportworldcup2026,"Aug 24, 2026",21,0
2026-09-09,Q4sLcCbvHmM,ZywOo's 4K vs Spirit on Nuke #cs2 #counterstrike #esportworldcup2026,"Aug 24, 2026",21,0
2026-09-10,Q4sLcCbvHmM,ZywOo's 4K vs Spirit on Nuke #cs2 #counterstrike #esportworldcup2026,"Aug 24, 2026",21,0
2026-09-11,Q4sLcCbvHmM,ZywOo's 4K vs Spirit on Nuke #cs2 #counterstrike #esportworldcup2026,"Aug 24, 2026",21,0
2026-09-12,Q4sLcCbvHmM,ZywOo's 4K vs Spirit on Nuke #cs2 #counterstrike #esportworldcup2026,"Aug 24, 2026",21,0
2026-09-13,Q4sLcCbvHmM,ZywOo's 4K vs Spirit on Nuke #cs2 #counterstrike #esportworldcup2026,"Aug 24, 2026",21,0
2026-09-14,Q4sLcCbvHmM,ZywOo's 4K vs Spirit on Nuke #cs2 #counterstrike #esportworldcup2026,"Aug 24, 2026",21,0
2026-09-15,Q4sLcCbvHmM,ZywOo's 4K vs Spirit on Nuke #cs2 #counterstrike #esportworldcup2026,"Aug 24, 2026",21,0
2026-09-16,Q4sLcCbvHmM,ZywOo's 4K vs Spirit on Nuke #cs2 #counterstrike #esportworldcup2026,"Aug 24, 2026",21,0
2026-09-17,Q4sLcCbvHmM,ZywOo's 4K vs Spirit on Nuke #cs2 #counterstrike #esportworldcup2026,"Aug 24, 2026",21,0
2026-09-18,Q4sLcCbvHmM,ZywOo's 4K vs Spirit on Nuke #cs2 #counterstrike #esportworldcup2026,"Aug 24, 2026",21,0
2026-09-19,Q4sLcCbvHmM,ZywOo's 4K vs Spirit on Nuke #cs2 #counterstrike #esportworldcup2026,"Aug 24, 2026",21,0
2026-09-20,Q4sLcCbvHmM,ZywOo's 4K vs Spirit on Nuke #cs2 #counterstrike #esportworldcup2026,"Aug 24, 2026",21,0
2026-09-21,Q4sLcCbvHmM,ZywOo's 4K vs Spirit on Nuke #cs2 #counterstrike #esportworldcup2026,"Aug 24, 2026",21,0
2026-09-22,Q4sLcCbvHmM,ZywOo's 4K vs Spirit on Nuke #cs2 #counterstrike #esportworldcup2026,"Aug 24, 2026",21,0
2026-09-23,Q4sLcCbvHmM,ZywOo's 4K vs Spirit on Nuke #cs2 #counterstrike #esportworldcup2026,"Aug 24, 2026",21,0
2025-09-24,QYxOrNcxkY4,makazze's 4K vs MongolZ on Inferno #cs2 #counterstrike #esportworldcup2026,"Aug 20, 2026",41,0
2025-09-25,QYxOrNcxkY4,makazze's 4K vs MongolZ on Inferno #cs2 #counterstrike #esportworldcup2026,"Aug 20, 2026",41,0
2025-09-26,QYxOrNcxkY4,makazze's 4K vs MongolZ on Inferno #cs2 #counterstrike #esportworldcup2026,"Aug 20, 2026",41,0
2025-09-27,QYxOrNcxkY4,makazze's 4K vs MongolZ on Inferno #cs2 #counterstrike #esportworldcup2026,"Aug 20, 2026",41,0
2025-09-28,QYxOrNcxkY4,makazze's 4K vs MongolZ on Inferno #cs2 #counterstrike #esportworldcup2026,"Aug 20, 2026",41,0
2025-09-29,QYxOrNcxkY4,makazze's 4K vs MongolZ on Inferno #cs2 #counterstrike #esportworldcup2026,"Aug 20, 2026",41,0
2025-09-30,QYxOrNcxkY4,makazze's 4K vs MongolZ on Inferno #cs2 #counterstrike #esportworldcup2026,"Aug 20, 2026",41,0
2025-10-01,QYxOrNcxkY4,makazze's 4K vs MongolZ on Inferno #cs2 #counterstrike #esportworldcup2026,"Aug 20, 2026",41,0
2025-10-02,QYxOrNcxkY4,makazze's 4K vs MongolZ on Inferno #cs2 #counterstrike #esportworldcup2026,"Aug 20, 2026",41,0
2025-10-03,QYxOrNcxkY4,makazze's 4K vs MongolZ on Inferno #cs2 #counterstrike #esportworldcup2026,"Aug 20, 2026",41,0
2025-10-04,QYxOrNcxkY4,makazze's 4K vs MongolZ on Inferno #cs2 #counterstrike #esportworldcup2026,"Aug 20, 2026",41,0
2025-10-05,QYxOrNcxkY4,makazze's 4K vs MongolZ on Inferno #cs2 #counterstrike #esportworldcup2026,"Aug 20, 2026",41,0
2025-10-06,QYxOrNcxkY4,makazze's 4K vs MongolZ on Inferno #cs2 #counterstrike #esportworldcup2026,"Aug 20, 2026",41,0
2025-10-07,QYxOrNcxkY4,makazze's 4K vs MongolZ on Inferno #cs2 #counterstrike #esportworldcup2026,"Aug 20, 2026",41,0
2025-10-08,QYxOrNcxkY4,makazze's 4K vs MongolZ on Inferno #cs2 #counterstrike #esportworldcup2026,"Aug 20, 2026",41,0
2025-10-09,QYxOrNcxkY4,makazze's 4K vs MongolZ on Inferno #cs2 #counterstrike #esportworldcup2026,"Aug 20, 2026",41,0
2025-10-10,QYxOrNcxkY4,makazze's 4K vs MongolZ on Inferno #cs2 #counterstrike #esportworldcup2026,"Aug 20, 2026",41,0
2025-10-11,QYxOrNcxkY4,makazze's 4K vs MongolZ on Inferno #cs2 #counterstrike #esportworldcup2026,"Aug 20, 2026",41,0
2025-10-12,QYxOrNcxkY4,makazze's 4K vs MongolZ on Inferno #cs2 #counterstrike #esportworldcup2026,"Aug 20, 2026",41,0
2025-10-13,QYxOrNcxkY4,makazze's 4K vs MongolZ on Inferno #cs2 #counterstrike #esportworldcup2026,"Aug 20, 2026",41,0
2025-10-14,QYxOrNcxkY4,makazze's 4K vs MongolZ on Inferno #cs2 #counterstrike #esportworldcup2026,"Aug 20, 2026",41,0
2025-10-15,QYxOrNcxkY4,makazze's 4K vs MongolZ on Inferno #cs2 #counterstrike #esportworldcup2026,"Aug 20, 2026",41,0
2025-10-16,QYxOrNcxkY4,makazze's 4K vs MongolZ on Inferno #cs2 #counterstrike #esportworldcup2026,"Aug 20, 2026",41,0
2025-10-17,QYxOrNcxkY4,makazze's 4K vs MongolZ on Inferno #cs2 #counterstrike #esportworldcup2026,"Aug 20, 2026",41,0
2025-10-18,QYxOrNcxkY4,makazze's 4K vs MongolZ on Inferno #cs2 #counterstrike #esportworldcup2026,"Aug 20, 2026",41,0
2025-10-19,QYxOrNcxkY4,makazze's 4K vs MongolZ on Inferno #cs2 #counterstrike #esportworldcup2026,"Aug 20, 2026",41,0
2025-10-20,QYxOrNcxkY4,makazze's 4K vs MongolZ on Inferno #cs2 #counterstrike #esportworldcup2026,"Aug 20, 2026",41,0
2025-10-21,QYxOrNcxkY4,makazze's 4K vs MongolZ on Inferno #cs2 #counterstrike #esportworldcup2026,"Aug 20, 2026",41,0
2025-10-22,QYxOrNcxkY4,makazze's 4K vs MongolZ on Inferno #cs2 #counterstrike #esportworldcup2026,"Aug 20, 2026",41,0
2025-10-23,QYxOrNcxkY4,makazze's 4K vs MongolZ on Inferno #cs2 #counterstrike #esportworldcup2026,"Aug 20, 2026",41,0
2025-10-24,QYxOrNcxkY4,makazze's 4K vs MongolZ on Inferno #cs2 #counterstrike #esportworldcup2026,"Aug 20, 2026",41,0
2025-10-25,QYxOrNcxkY4,makazze's 4K vs MongolZ on Inferno #cs2 #counterstrike #esportworldcup2026,"Aug 20, 2026",41,0
2025-10-26,QYxOrNcxkY4,makazze's 4K vs MongolZ on Inferno #cs2 #counterstrike #esportworldcup2026,"Aug 20, 2026",41,0
2025-10-27,QYxOrNcxkY4,makazze's 4K vs MongolZ on Inferno #cs2 #counterstrike #esportworldcup2026,"Aug 20, 2026",41,0
2025-10-28,QYxOrNcxkY4,makazze's 4K vs MongolZ on Inferno #cs2 #counterstrike #esportworldcup2026,"Aug 20, 2026",41,0
2025-10-29,QYxOrNcxkY4,makazze's 4K vs MongolZ on Inferno #cs2 #counterstrike #esportworldcup2026,"Aug 20, 2026",41,0
2025-10-30,QYxOrNcxkY4,makazze's 4K vs MongolZ on Inferno #cs2 #counterstrike #esportworldcup2026,"Aug 20, 2026",41,0
2025-10-31,QYxOrNcxkY4,makazze's 4K vs MongolZ on Inferno #cs2 #counterstrike #esportworldcup2026,"Aug 20, 2026",41,0
2025-11-01,QYxOrNcxkY4,makazze's 4K vs MongolZ on Inferno #cs2 #counterstrike #esportworldcup2026,"Aug 20, 2026",41,0
2025-11-02,QYxOrNcxkY4,makazze's 4K vs MongolZ on Inferno #cs2 #counterstrike #esportworldcup2026,"Aug 20, 2026",41,0
2025-11-03,QYxOrNcxkY4,makazze's 4K vs MongolZ on Inferno #cs2 #counterstrike #esportworldcup2026,"Aug 20, 2026",41,0
2025-11-04,QYxOrNcxkY4,makazze's 4K vs MongolZ on Inferno #cs2 #counterstrike #esportworldcup2026,"Aug 20, 2026",41,0
2025-11-05,QYxOrNcxkY4,makazze's 4K vs MongolZ on Inferno #cs2 #counterstrike #esportworldcup2026,"Aug 20, 2026",41,0
2025-11-06,QYxOrNcxkY4,makazze's 4K vs MongolZ on Inferno #cs2 #counterstrike #esportworldcup2026,"Aug 20, 2026",41,0
2025-11-07,QYxOrNcxkY4,makazze's 4K vs MongolZ on Inferno #cs2 #counterstrike #esportworldcup2026,"Aug 20, 2026",41,0
2025-11-08,QYxOrNcxkY4,makazze's 4K vs MongolZ on Inferno #cs2 #counterstrike #esportworldcup2026,"Aug 20, 2026",41,0
2025-11-09,QYxOrNcxkY4,makazze's 4K vs MongolZ on Inferno #cs2 #counterstrike #esportworldcup2026,"Aug 20, 2026",41,0
2025-11-10,QYxOrNcxkY4,makazze's 4K vs MongolZ on Inferno #cs2 #counterstrike #esportworldcup2026,"Aug 20, 2026",41,0
2025-11-11,QYxOrNcxkY4,makazze's 4K vs MongolZ on Inferno #cs2 #counterstrike #esportworldcup2026,"Aug 20, 2026",41,0
2025-11-12,QYxOrNcxkY4,makazze's 4K vs MongolZ on Inferno #cs2 #counterstrike #esportworldcup2026,"Aug 20, 2026",41,0
2025-11-13,QYxOrNcxkY4,makazze's 4K vs MongolZ on Inferno #cs2 #counterstrike #esportworldcup2026,"Aug 20, 2026",41,0
2025-11-14,QYxOrNcxkY4,makazze's 4K vs MongolZ on Inferno #cs2 #counterstrike #esportworldcup2026,"Aug 20, 2026",41,0
2025-11-15,QYxOrNcxkY4,makazze's 4K vs MongolZ on Inferno #cs2 #counterstrike #esportworldcup2026,"Aug 20, 2026",41,0
2025-11-16,QYxOrNcxkY4,makazze's 4K vs MongolZ on Inferno #cs2 #counterstrike #esportworldcup2026,"Aug 20, 2026",41,0
2025-11-17,QYxOrNcxkY4,makazze's 4K vs MongolZ on Inferno #cs2 #counterstrike #esportworldcup2026,"Aug 20, 2026",41,0
2025-11-18,QYxOrNcxkY4,makazze's 4K vs MongolZ on Inferno #cs2 #counterstrike #esportworldcup2026,"Aug 20, 2026",41,0
2025-11-19,QYxOrNcxkY4,makazze's 4K vs MongolZ on Inferno #cs2 #counterstrike #esportworldcup2026,"Aug 20, 2026",41,0
2025-11-20,QYxOrNcxkY4,makazze's 4K vs MongolZ on Inferno #cs2 #counterstrike #esportworldcup2026,"Aug 20, 2026",41,0
2025-11-21,QYxOrNcxkY4,makazze's 4K vs MongolZ on Inferno #cs2 #counterstrike #esportworldcup2026,"Aug 20, 2026",41,0
2025-11-22,QYxOrNcxkY4,makazze's 4K vs MongolZ on Inferno #cs2 #counterstrike #esportworldcup2026,"Aug 20, 2026",41,0
2025-11-23,QYxOrNcxkY4,makazze's 4K vs MongolZ on Inferno #cs2 #counterstrike #esportworldcup2026,"Aug 20, 2026",41,0
2025-11-24,QYxOrNcxkY4,makazze's 4K vs MongolZ on Inferno #cs2 #counterstrike #esportworldcup2026,"Aug 20, 2026",41,0
2025-11-25,QYxOrNcxkY4,makazze's 4K vs MongolZ on Inferno #cs2 #counterstrike #esportworldcup2026,"Aug 20, 2026",41,0
2025-11-26,QYxOrNcxkY4,makazze's 4K vs MongolZ on Inferno #cs2 #counterstrike #esportworldcup2026,"Aug 20, 2026",41,0
2025-11-27,QYxOrNcxkY4,makazze's 4K vs MongolZ on Inferno #cs2 #counterstrike #esportworldcup2026,"Aug 20, 2026",41,0
2025-11-28,QYxOrNcxkY4,makazze's 4K vs MongolZ on Inferno #cs2 #counterstrike #esportworldcup2026,"Aug 20, 2026",41,0
2025-11-29,QYxOrNcxkY4,makazze's 4K vs MongolZ on Inferno #cs2 #counterstrike #esportworldcup2026,"Aug 20, 2026",41,0
2025-11-30,QYxOrNcxkY4,makazze's 4K vs MongolZ on Inferno #cs2 #counterstrike #esportworldcup2026,"Aug 20, 2026",41,0
2025-12-01,QYxOrNcxkY4,makazze's 4K vs MongolZ on Inferno #cs2 #counterstrike #esportworldcup2026,"Aug 20, 2026",41,0
2025-12-02,QYxOrNcxkY4,makazze's 4K vs MongolZ on Inferno #cs2 #counterstrike #esportworldcup2026,"Aug 20, 2026",41,0
2025-12-03,QYxOrNcxkY4,makazze's 4K vs MongolZ on Inferno #cs2 #counterstrike #esportworldcup2026,"Aug 20, 2026",41,0
2025-12-04,QYxOrNcxkY4,makazze's 4K vs MongolZ on Inferno #cs2 #counterstrike #esportworldcup2026,"Aug 20, 2026",41,0
2025-12-05,QYxOrNcxkY4,makazze's 4K vs MongolZ on Inferno #cs2 #counterstrike #esportworldcup2026,"Aug 20, 2026",41,0
2025-12-06,QYxOrNcxkY4,makazze's 4K vs MongolZ on Inferno #cs2 #counterstrike #esportworldcup2026,"Aug 20, 2026",41,0
2025-12-07,QYxOrNcxkY4,makazze's 4K vs MongolZ on Inferno #cs2 #counterstrike #esportworldcup2026,"Aug 20, 2026",41,0
2025-12-08,QYxOrNcxkY4,makazze's 4K vs MongolZ on Inferno #cs2 #counterstrike #esportworldcup2026,"Aug 20, 2026",41,0
2025-12-09,QYxOrNcxkY4,makazze's 4K vs MongolZ on Inferno #cs2 #counterstrike #esportworldcup2026,"Aug 20, 2026",41,0
2025-12-10,QYxOrNcxkY4,makazze's 4K vs MongolZ on Inferno #cs2 #counterstrike #esportworldcup2026,"Aug 20, 2026",41,0
2025-12-11,QYxOrNcxkY4,makazze's 4K vs MongolZ on Inferno #cs2 #counterstrike #esportworldcup2026,"Aug 20, 2026",41,0
2025-12-12,QYxOrNcxkY4,makazze's 4K vs MongolZ on Inferno #cs2 #counterstrike #esportworldcup2026,"Aug 20, 2026",41,0
2025-12-13,QYxOrNcxkY4,makazze's 4K vs MongolZ on Inferno #cs2 #counterstrike #esportworldcup2026,"Aug 20, 2026",41,0
2025-12-14,QYxOrNcxkY4,makazze's 4K vs MongolZ on Inferno #cs2 #counterstrike #esportworldcup2026,"Aug 20, 2026",41,0
2025-12-15,QYxOrNcxkY4,makazze's 4K vs MongolZ on Inferno #cs2 #counterstrike #esportworldcup2026,"Aug 20, 2026",41,0
2025-12-16,QYxOrNcxkY4,makazze's 4K vs MongolZ on Inferno #cs2 #counterstrike #esportworldcup2026,"Aug 20, 2026",41,0
2025-12-17,QYxOrNcxkY4,makazze's 4K vs MongolZ on Inferno #cs2 #counterstrike #esportworldcup2026,"Aug 20, 2026",41,0
2025-12-18,QYxOrNcxkY4,makazze's 4K vs MongolZ on Inferno #cs2 #counterstrike #esportworldcup2026,"Aug 20, 2026",41,0
2025-12-19,QYxOrNcxkY4,makazze's 4K vs MongolZ on Inferno #cs2 #counterstrike #esportworldcup2026,"Aug 20, 2026",41,0
2025-12-20,QYxOrNcxkY4,makazze's 4K vs MongolZ on Inferno #cs2 #counterstrike #esportworldcup2026,"Aug 20, 2026",41,0
2025-12-21,QYxOrNcxkY4,makazze's 4K vs MongolZ on Inferno #cs2 #counterstrike #esportworldcup2026,"Aug 20, 2026",41,0
2025-12-22,QYxOrNcxkY4,makazze's 4K vs MongolZ on Inferno #cs2 #counterstrike #esportworldcup2026,"Aug 20, 2026",41,0
2025-12-23,QYxOrNcxkY4,makazze's 4K vs MongolZ on Inferno #cs2 #counterstrike #esportworldcup2026,"Aug 20, 2026",41,0
2025-12-24,QYxOrNcxkY4,makazze's 4K vs MongolZ on Inferno #cs2 #counterstrike #esportworldcup2026,"Aug 20, 2026",41,0
2025-12-25,QYxOrNcxkY4,makazze's 4K vs MongolZ on Inferno #cs2 #counterstrike #esportworldcup2026,"Aug 20, 2026",41,0
2025-12-26,QYxOrNcxkY4,makazze's 4K vs MongolZ on Inferno #cs2 #counterstrike #esportworldcup2026,"Aug 20, 2026",41,0
2025-12-27,QYxOrNcxkY4,makazze's 4K vs MongolZ on Inferno #cs2 #counterstrike #esportworldcup2026,"Aug 20, 2026",41,0
2025-12-28,QYxOrNcxkY4,makazze's 4K vs MongolZ on Inferno #cs2 #counterstrike #esportworldcup2026,"Aug 20, 2026",41,0
2025-12-29,QYxOrNcxkY4,makazze's 4K vs MongolZ on Inferno #cs2 #counterstrike #esportworldcup2026,"Aug 20, 2026",41,0
2025-12-30,QYxOrNcxkY4,makazze's 4K vs MongolZ on Inferno #cs2 #counterstrike #esportworldcup2026,"Aug 20, 2026",41,0
2025-12-31,QYxOrNcxkY4,makazze's 4K vs MongolZ on Inferno #cs2 #counterstrike #esportworldcup2026,"Aug 20, 2026",41,0
2026-01-01,QYxOrNcxkY4,makazze's 4K vs MongolZ on Inferno #cs2 #counterstrike #esportworldcup2026,"Aug 20, 2026",41,0
2026-01-02,QYxOrNcxkY4,makazze's 4K vs MongolZ on Inferno #cs2 #counterstrike #esportworldcup2026,"Aug 20, 2026",41,0
2026-01-03,QYxOrNcxkY4,makazze's 4K vs MongolZ on Inferno #cs2 #counterstrike #esportworldcup2026,"Aug 20, 2026",41,0
2026-01-04,QYxOrNcxkY4,makazze's 4K vs MongolZ on Inferno #cs2 #counterstrike #esportworldcup2026,"Aug 20, 2026",41,0
2026-01-05,QYxOrNcxkY4,makazze's 4K vs MongolZ on Inferno #cs2 #counterstrike #esportworldcup2026,"Aug 20, 2026",41,0
2026-01-06,QYxOrNcxkY4,makazze's 4K vs MongolZ on Inferno #cs2 #counterstrike #esportworldcup2026,"Aug 20, 2026",41,0
2026-01-07,QYxOrNcxkY4,makazze's 4K vs MongolZ on Inferno #cs2 #counterstrike #esportworldcup2026,"Aug 20, 2026",41,0
2026-01-08,QYxOrNcxkY4,makazze's 4K vs MongolZ on Inferno #cs2 #counterstrike #esportworldcup2026,"Aug 20, 2026",41,0
2026-01-09,QYxOrNcxkY4,makazze's 4K vs MongolZ on Inferno #cs2 #counterstrike #esportworldcup2026,"Aug 20, 2026",41,0
2026-01-10,QYxOrNcxkY4,makazze's 4K vs MongolZ on Inferno #cs2 #counterstrike #esportworldcup2026,"Aug 20, 2026",41,0
2026-01-11,QYxOrNcxkY4,makazze's 4K vs MongolZ on Inferno #cs2 #counterstrike #esportworldcup2026,"Aug 20, 2026",41,0
2026-01-12,QYxOrNcxkY4,makazze's 4K vs MongolZ on Inferno #cs2 #counterstrike #esportworldcup2026,"Aug 20, 2026",41,0
2026-01-13,QYxOrNcxkY4,makazze's 4K vs MongolZ on Inferno #cs2 #counterstrike #esportworldcup2026,"Aug 20, 2026",41,0
2026-01-14,QYxOrNcxkY4,makazze's 4K vs MongolZ on Inferno #cs2 #counterstrike #esportworldcup2026,"Aug 20, 2026",41,0
2026-01-15,QYxOrNcxkY4,makazze's 4K vs MongolZ on Inferno #cs2 #counterstrike #esportworldcup2026,"Aug 20, 2026",41,0
2026-01-16,QYxOrNcxkY4,makazze's 4K vs MongolZ on Inferno #cs2 #counterstrike #esportworldcup2026,"Aug 20, 2026",41,0
2026-01-17,QYxOrNcxkY4,makazze's 4K vs MongolZ on Inferno #cs2 #counterstrike #esportworldcup2026,"Aug 20, 2026",41,0
2026-01-18,QYxOrNcxkY4,makazze's 4K vs MongolZ on Inferno #cs2 #counterstrike #esportworldcup2026,"Aug 20, 2026",41,0
2026-01-19,QYxOrNcxkY4,makazze's 4K vs MongolZ on Inferno #cs2 #counterstrike #esportworldcup2026,"Aug 20, 2026",41,0
2026-01-20,QYxOrNcxkY4,makazze's 4K vs MongolZ on Inferno #cs2 #counterstrike #esportworldcup2026,"Aug 20, 2026",41,0
2026-01-21,QYxOrNcxkY4,makazze's 4K vs MongolZ on Inferno #cs2 #counterstrike #esportworldcup2026,"Aug 20, 2026",41,0
2026-01-22,QYxOrNcxkY4,makazze's 4K vs MongolZ on Inferno #cs2 #counterstrike #esportworldcup2026,"Aug 20, 2026",41,0
2026-01-23,QYxOrNcxkY4,makazze's 4K vs MongolZ on Inferno #cs2 #counterstrike #esportworldcup2026,"Aug 20, 2026",41,0
2026-01-24,QYxOrNcxkY4,makazze's 4K vs MongolZ on Inferno #cs2 #counterstrike #esportworldcup2026,"Aug 20, 2026",41,0
2026-01-25,QYxOrNcxkY4,makazze's 4K vs MongolZ on Inferno #cs2 #counterstrike #esportworldcup2026,"Aug 20, 2026",41,0
2026-01-26,QYxOrNcxkY4,makazze's 4K vs MongolZ on Inferno #cs2 #counterstrike #esportworldcup2026,"Aug 20, 2026",41,0
2026-01-27,QYxOrNcxkY4,makazze's 4K vs MongolZ on Inferno #cs2 #counterstrike #esportworldcup2026,"Aug 20, 2026",41,0
2026-01-28,QYxOrNcxkY4,makazze's 4K vs MongolZ on Inferno #cs2 #counterstrike #esportworldcup2026,"Aug 20, 2026",41,0
2026-01-29,QYxOrNcxkY4,makazze's 4K vs MongolZ on Inferno #cs2 #counterstrike #esportworldcup2026,"Aug 20, 2026",41,0
2026-01-30,QYxOrNcxkY4,makazze's 4K vs MongolZ on Inferno #cs2 #counterstrike #esportworldcup2026,"Aug 20, 2026",41,0
2026-01-31,QYxOrNcxkY4,makazze's 4K vs MongolZ on Inferno #cs2 #counterstrike #esportworldcup2026,"Aug 20, 2026",41,0
2026-02-01,QYxOrNcxkY4,makazze's 4K vs MongolZ on Inferno #cs2 #counterstrike #esportworldcup2026,"Aug 20, 2026",41,0
2026-02-02,QYxOrNcxkY4,makazze's 4K vs MongolZ on Inferno #cs2 #counterstrike #esportworldcup2026,"Aug 20, 2026",41,0
2026-02-03,QYxOrNcxkY4,makazze's 4K vs MongolZ on Inferno #cs2 #counterstrike #esportworldcup2026,"Aug 20, 2026",41,0
2026-02-04,QYxOrNcxkY4,makazze's 4K vs MongolZ on Inferno #cs2 #counterstrike #esportworldcup2026,"Aug 20, 2026",41,0
2026-02-05,QYxOrNcxkY4,makazze's 4K vs MongolZ on Inferno #cs2 #counterstrike #esportworldcup2026,"Aug 20, 2026",41,0
2026-02-06,QYxOrNcxkY4,makazze's 4K vs MongolZ on Inferno #cs2 #counterstrike #esportworldcup2026,"Aug 20, 2026",41,0
2026-02-07,QYxOrNcxkY4,makazze's 4K vs MongolZ on Inferno #cs2 #counterstrike #esportworldcup2026,"Aug 20, 2026",41,0
2026-02-08,QYxOrNcxkY4,makazze's 4K vs MongolZ on Inferno #cs2 #counterstrike #esportworldcup2026,"Aug 20, 2026",41,0
2026-02-09,QYxOrNcxkY4,makazze's 4K vs MongolZ on Inferno #cs2 #counterstrike #esportworldcup2026,"Aug 20, 2026",41,0
2026-02-10,QYxOrNcxkY4,makazze's 4K vs MongolZ on Inferno #cs2 #counterstrike #esportworldcup2026,"Aug 20, 2026",41,0
2026-02-11,QYxOrNcxkY4,makazze's 4K vs MongolZ on Inferno #cs2 #counterstrike #esportworldcup2026,"Aug 20, 2026",41,0
2026-02-12,QYxOrNcxkY4,makazze's 4K vs MongolZ on Inferno #cs2 #counterstrike #esportworldcup2026,"Aug 20, 2026",41,0
2026-02-13,QYxOrNcxkY4,makazze's 4K vs MongolZ on Inferno #cs2 #counterstrike #esportworldcup2026,"Aug 20, 2026",41,0
2026-02-14,QYxOrNcxkY4,makazze's 4K vs MongolZ on Inferno #cs2 #counterstrike #esportworldcup2026,"Aug 20, 2026",41,0
2026-02-15,QYxOrNcxkY4,makazze's 4K vs MongolZ on Inferno #cs2 #counterstrike #esportworldcup2026,"Aug 20, 2026",41,0
2026-02-16,QYxOrNcxkY4,makazze's 4K vs MongolZ on Inferno #cs2 #counterstrike #esportworldcup2026,"Aug 20, 2026",41,0
2026-02-17,QYxOrNcxkY4,makazze's 4K vs MongolZ on Inferno #cs2 #counterstrike #esportworldcup2026,"Aug 20, 2026",41,0
2026-02-18,QYxOrNcxkY4,makazze's 4K vs MongolZ on Inferno #cs2 #counterstrike #esportworldcup2026,"Aug 20, 2026",41,0
2026-02-19,QYxOrNcxkY4,makazze's 4K vs MongolZ on Inferno #cs2 #counterstrike #esportworldcup2026,"Aug 20, 2026",41,0
2026-02-20,QYxOrNcxkY4,makazze's 4K vs MongolZ on Inferno #cs2 #counterstrike #esportworldcup2026,"Aug 20, 2026",41,0
2026-02-21,QYxOrNcxkY4,makazze's 4K vs MongolZ on Inferno #cs2 #counterstrike #esportworldcup2026,"Aug 20, 2026",41,0
2026-02-22,QYxOrNcxkY4,makazze's 4K vs MongolZ on Inferno #cs2 #counterstrike #esportworldcup2026,"Aug 20, 2026",41,0
2026-02-23,QYxOrNcxkY4,makazze's 4K vs MongolZ on Inferno #cs2 #counterstrike #esportworldcup2026,"Aug 20, 2026",41,0
2026-02-24,QYxOrNcxkY4,makazze's 4K vs MongolZ on Inferno #cs2 #counterstrike #esportworldcup2026,"Aug 20, 2026",41,0
2026-02-25,QYxOrNcxkY4,makazze's 4K vs MongolZ on Inferno #cs2 #counterstrike #esportworldcup2026,"Aug 20, 2026",41,0
2026-02-26,QYxOrNcxkY4,makazze's 4K vs MongolZ on Inferno #cs2 #counterstrike #esportworldcup2026,"Aug 20, 2026",41,0
2026-02-27,QYxOrNcxkY4,makazze's 4K vs MongolZ on Inferno #cs2 #counterstrike #esportworldcup2026,"Aug 20, 2026",41,0
2026-02-28,QYxOrNcxkY4,makazze's 4K vs MongolZ on Inferno #cs2 #counterstrike #esportworldcup2026,"Aug 20, 2026",41,0
2026-03-01,QYxOrNcxkY4,makazze's 4K vs MongolZ on Inferno #cs2 #counterstrike #esportworldcup2026,"Aug 20, 2026",41,0
2026-03-02,QYxOrNcxkY4,makazze's 4K vs MongolZ on Inferno #cs2 #counterstrike #esportworldcup2026,"Aug 20, 2026",41,0
2026-03-03,QYxOrNcxkY4,makazze's 4K vs MongolZ on Inferno #cs2 #counterstrike #esportworldcup2026,"Aug 20, 2026",41,0
2026-03-04,QYxOrNcxkY4,makazze's 4K vs MongolZ on Inferno #cs2 #counterstrike #esportworldcup2026,"Aug 20, 2026",41,0
2026-03-05,QYxOrNcxkY4,makazze's 4K vs MongolZ on Inferno #cs2 #counterstrike #esportworldcup2026,"Aug 20, 2026",41,0
2026-03-06,QYxOrNcxkY4,makazze's 4K vs MongolZ on Inferno #cs2 #counterstrike #esportworldcup2026,"Aug 20, 2026",41,0
2026-03-07,QYxOrNcxkY4,makazze's 4K vs MongolZ on Inferno #cs2 #counterstrike #esportworldcup2026,"Aug 20, 2026",41,0
2026-03-08,QYxOrNcxkY4,makazze's 4K vs MongolZ on Inferno #cs2 #counterstrike #esportworldcup2026,"Aug 20, 2026",41,0
2026-03-09,QYxOrNcxkY4,makazze's 4K vs MongolZ on Inferno #cs2 #counterstrike #esportworldcup2026,"Aug 20, 2026",41,0
2026-03-10,QYxOrNcxkY4,makazze's 4K vs MongolZ on Inferno #cs2 #counterstrike #esportworldcup2026,"Aug 20, 2026",41,0
2026-03-11,QYxOrNcxkY4,makazze's 4K vs MongolZ on Inferno #cs2 #counterstrike #esportworldcup2026,"Aug 20, 2026",41,0
2026-03-12,QYxOrNcxkY4,makazze's 4K vs MongolZ on Inferno #cs2 #counterstrike #esportworldcup2026,"Aug 20, 2026",41,0
2026-03-13,QYxOrNcxkY4,makazze's 4K vs MongolZ on Inferno #cs2 #counterstrike #esportworldcup2026,"Aug 20, 2026",41,0
2026-03-14,QYxOrNcxkY4,makazze's 4K vs MongolZ on Inferno #cs2 #counterstrike #esportworldcup2026,"Aug 20, 2026",41,0
2026-03-15,QYxOrNcxkY4,makazze's 4K vs MongolZ on Inferno #cs2 #counterstrike #esportworldcup2026,"Aug 20, 2026",41,0
2026-03-16,QYxOrNcxkY4,makazze's 4K vs MongolZ on Inferno #cs2 #counterstrike #esportworldcup2026,"Aug 20, 2026",41,0
2026-03-17,QYxOrNcxkY4,makazze's 4K vs MongolZ on Inferno #cs2 #counterstrike #esportworldcup2026,"Aug 20, 2026",41,0
2026-03-18,QYxOrNcxkY4,makazze's 4K vs MongolZ on Inferno #cs2 #counterstrike #esportworldcup2026,"Aug 20, 2026",41,0
2026-03-19,QYxOrNcxkY4,makazze's 4K vs MongolZ on Inferno #cs2 #counterstrike #esportworldcup2026,"Aug 20, 2026",41,0
2026-03-20,QYxOrNcxkY4,makazze's 4K vs MongolZ on Inferno #cs2 #counterstrike #esportworldcup2026,"Aug 20, 2026",41,0
2026-03-21,QYxOrNcxkY4,makazze's 4K vs MongolZ on Inferno #cs2 #counterstrike #esportworldcup2026,"Aug 20, 2026",41,0
2026-03-22,QYxOrNcxkY4,makazze's 4K vs MongolZ on Inferno #cs2 #counterstrike #esportworldcup2026,"Aug 20, 2026",41,0
2026-03-23,QYxOrNcxkY4,makazze's 4K vs MongolZ on Inferno #cs2 #counterstrike #esportworldcup2026,"Aug 20, 2026",41,0
2026-03-24,QYxOrNcxkY4,makazze's 4K vs MongolZ on Inferno #cs2 #counterstrike #esportworldcup2026,"Aug 20, 2026",41,0
2026-03-25,QYxOrNcxkY4,makazze's 4K vs MongolZ on Inferno #cs2 #counterstrike #esportworldcup2026,"Aug 20, 2026",41,0
2026-03-26,QYxOrNcxkY4,makazze's 4K vs MongolZ on Inferno #cs2 #counterstrike #esportworldcup2026,"Aug 20, 2026",41,0
2026-03-27,QYxOrNcxkY4,makazze's 4K vs MongolZ on Inferno #cs2 #counterstrike #esportworldcup2026,"Aug 20, 2026",41,0
2026-03-28,QYxOrNcxkY4,makazze's 4K vs MongolZ on Inferno #cs2 #counterstrike #esportworldcup2026,"Aug 20, 2026",41,0
2026-03-29,QYxOrNcxkY4,makazze's 4K vs MongolZ on Inferno #cs2 #counterstrike #esportworldcup2026,"Aug 20, 2026",41,0
2026-03-30,QYxOrNcxkY4,makazze's 4K vs MongolZ on Inferno #cs2 #counterstrike #esportworldcup2026,"Aug 20, 2026",41,0
2026-03-31,QYxOrNcxkY4,makazze's 4K vs MongolZ on Inferno #cs2 #counterstrike #esportworldcup2026,"Aug 20, 2026",41,0
2026-04-01,QYxOrNcxkY4,makazze's 4K vs MongolZ on Inferno #cs2 #counterstrike #esportworldcup2026,"Aug 20, 2026",41,0
2026-04-02,QYxOrNcxkY4,makazze's 4K vs MongolZ on Inferno #cs2 #counterstrike #esportworldcup2026,"Aug 20, 2026",41,0
2026-04-03,QYxOrNcxkY4,makazze's 4K vs MongolZ on Inferno #cs2 #counterstrike #esportworldcup2026,"Aug 20, 2026",41,0
2026-04-04,QYxOrNcxkY4,makazze's 4K vs MongolZ on Inferno #cs2 #counterstrike #esportworldcup2026,"Aug 20, 2026",41,0
2026-04-05,QYxOrNcxkY4,makazze's 4K vs MongolZ on Inferno #cs2 #counterstrike #esportworldcup2026,"Aug 20, 2026",41,0
2026-04-06,QYxOrNcxkY4,makazze's 4K vs MongolZ on Inferno #cs2 #counterstrike #esportworldcup2026,"Aug 20, 2026",41,0
2026-04-07,QYxOrNcxkY4,makazze's 4K vs MongolZ on Inferno #cs2 #counterstrike #esportworldcup2026,"Aug 20, 2026",41,0
2026-04-08,QYxOrNcxkY4,makazze's 4K vs MongolZ on Inferno #cs2 #counterstrike #esportworldcup2026,"Aug 20, 2026",41,0
2026-04-09,QYxOrNcxkY4,makazze's 4K vs MongolZ on Inferno #cs2 #counterstrike #esportworldcup2026,"Aug 20, 2026",41,0
2026-04-10,QYxOrNcxkY4,makazze's 4K vs MongolZ on Inferno #cs2 #counterstrike #esportworldcup2026,"Aug 20, 2026",41,0
2026-04-11,QYxOrNcxkY4,makazze's 4K vs MongolZ on Inferno #cs2 #counterstrike #esportworldcup2026,"Aug 20, 2026",41,0
2026-04-12,QYxOrNcxkY4,makazze's 4K vs MongolZ on Inferno #cs2 #counterstrike #esportworldcup2026,"Aug 20, 2026",41,0
2026-04-13,QYxOrNcxkY4,makazze's 4K vs MongolZ on Inferno #cs2 #counterstrike #esportworldcup2026,"Aug 20, 2026",41,0
2026-04-14,QYxOrNcxkY4,makazze's 4K vs MongolZ on Inferno #cs2 #counterstrike #esportworldcup2026,"Aug 20, 2026",41,0
2026-04-15,QYxOrNcxkY4,makazze's 4K vs MongolZ on Inferno #cs2 #counterstrike #esportworldcup2026,"Aug 20, 2026",41,0
2026-04-16,QYxOrNcxkY4,makazze's 4K vs MongolZ on Inferno #cs2 #counterstrike #esportworldcup2026,"Aug 20, 2026",41,0
2026-04-17,QYxOrNcxkY4,makazze's 4K vs MongolZ on Inferno #cs2 #counterstrike #esportworldcup2026,"Aug 20, 2026",41,0
2026-04-18,QYxOrNcxkY4,makazze's 4K vs MongolZ on Inferno #cs2 #counterstrike #esportworldcup2026,"Aug 20, 2026",41,0
2026-04-19,QYxOrNcxkY4,makazze's 4K vs MongolZ on Inferno #cs2 #counterstrike #esportworldcup2026,"Aug 20, 2026",41,0
2026-04-20,QYxOrNcxkY4,makazze's 4K vs MongolZ on Inferno #cs2 #counterstrike #esportworldcup2026,"Aug 20, 2026",41,0
2026-04-21,QYxOrNcxkY4,makazze's 4K vs MongolZ on Inferno #cs2 #counterstrike #esportworldcup2026,"Aug 20, 2026",41,0
2026-04-22,QYxOrNcxkY4,makazze's 4K vs MongolZ on Inferno #cs2 #counterstrike #esportworldcup2026,"Aug 20, 2026",41,0
2026-04-23,QYxOrNcxkY4,makazze's 4K vs MongolZ on Inferno #cs2 #counterstrike #esportworldcup2026,"Aug 20, 2026",41,0
2026-04-24,QYxOrNcxkY4,makazze's 4K vs MongolZ on Inferno #cs2 #counterstrike #esportworldcup2026,"Aug 20, 2026",41,0
2026-04-25,QYxOrNcxkY4,makazze's 4K vs MongolZ on Inferno #cs2 #counterstrike #esportworldcup2026,"Aug 20, 2026",41,0
2026-04-26,QYxOrNcxkY4,makazze's 4K vs MongolZ on Inferno #cs2 #counterstrike #esportworldcup2026,"Aug 20, 2026",41,0
2026-04-27,QYxOrNcxkY4,makazze's 4K vs MongolZ on Inferno #cs2 #counterstrike #esportworldcup2026,"Aug 20, 2026",41,0
2026-04-28,QYxOrNcxkY4,makazze's 4K vs MongolZ on Inferno #cs2 #counterstrike #esportworldcup2026,"Aug 20, 2026",41,0
2026-04-29,QYxOrNcxkY4,makazze's 4K vs MongolZ on Inferno #cs2 #counterstrike #esportworldcup2026,"Aug 20, 2026",41,0
2026-04-30,QYxOrNcxkY4,makazze's 4K vs MongolZ on Inferno #cs2 #counterstrike #esportworldcup2026,"Aug 20, 2026",41,0
2026-05-01,QYxOrNcxkY4,makazze's 4K vs MongolZ on Inferno #cs2 #counterstrike #esportworldcup2026,"Aug 20, 2026",41,0
2026-05-02,QYxOrNcxkY4,makazze's 4K vs MongolZ on Inferno #cs2 #counterstrike #esportworldcup2026,"Aug 20, 2026",41,0
2026-05-03,QYxOrNcxkY4,makazze's 4K vs MongolZ on Inferno #cs2 #counterstrike #esportworldcup2026,"Aug 20, 2026",41,0
2026-05-04,QYxOrNcxkY4,makazze's 4K vs MongolZ on Inferno #cs2 #counterstrike #esportworldcup2026,"Aug 20, 2026",41,0
2026-05-05,QYxOrNcxkY4,makazze's 4K vs MongolZ on Inferno #cs2 #counterstrike #esportworldcup2026,"Aug 20, 2026",41,0
2026-05-06,QYxOrNcxkY4,makazze's 4K vs MongolZ on Inferno #cs2 #counterstrike #esportworldcup2026,"Aug 20, 2026",41,0
2026-05-07,QYxOrNcxkY4,makazze's 4K vs MongolZ on Inferno #cs2 #counterstrike #esportworldcup2026,"Aug 20, 2026",41,0
2026-05-08,QYxOrNcxkY4,makazze's 4K vs MongolZ on Inferno #cs2 #counterstrike #esportworldcup2026,"Aug 20, 2026",41,0
2026-05-09,QYxOrNcxkY4,makazze's 4K vs MongolZ on Inferno #cs2 #counterstrike #esportworldcup2026,"Aug 20, 2026",41,0
2026-05-10,QYxOrNcxkY4,makazze's 4K vs MongolZ on Inferno #cs2 #counterstrike #esportworldcup2026,"Aug 20, 2026",41,0
2026-05-11,QYxOrNcxkY4,makazze's 4K vs MongolZ on Inferno #cs2 #counterstrike #esportworldcup2026,"Aug 20, 2026",41,0
2026-05-12,QYxOrNcxkY4,makazze's 4K vs MongolZ on Inferno #cs2 #counterstrike #esportworldcup2026,"Aug 20, 2026",41,0
2026-05-13,QYxOrNcxkY4,makazze's 4K vs MongolZ on Inferno #cs2 #counterstrike #esportworldcup2026,"Aug 20, 2026",41,0
2026-05-14,QYxOrNcxkY4,makazze's 4K vs MongolZ on Inferno #cs2 #counterstrike #esportworldcup2026,"Aug 20, 2026",41,0
2026-05-15,QYxOrNcxkY4,makazze's 4K vs MongolZ on Inferno #cs2 #counterstrike #esportworldcup2026,"Aug 20, 2026",41,0
2026-05-16,QYxOrNcxkY4,makazze's 4K vs MongolZ on Inferno #cs2 #counterstrike #esportworldcup2026,"Aug 20, 2026",41,0
2026-05-17,QYxOrNcxkY4,makazze's 4K vs MongolZ on Inferno #cs2 #counterstrike #esportworldcup2026,"Aug 20, 2026",41,0
2026-05-18,QYxOrNcxkY4,makazze's 4K vs MongolZ on Inferno #cs2 #counterstrike #esportworldcup2026,"Aug 20, 2026",41,0
2026-05-19,QYxOrNcxkY4,makazze's 4K vs MongolZ on Inferno #cs2 #counterstrike #esportworldcup2026,"Aug 20, 2026",41,0
2026-05-20,QYxOrNcxkY4,makazze's 4K vs MongolZ on Inferno #cs2 #counterstrike #esportworldcup2026,"Aug 20, 2026",41,0
2026-05-21,QYxOrNcxkY4,makazze's 4K vs MongolZ on Inferno #cs2 #counterstrike #esportworldcup2026,"Aug 20, 2026",41,0
2026-05-22,QYxOrNcxkY4,makazze's 4K vs MongolZ on Inferno #cs2 #counterstrike #esportworldcup2026,"Aug 20, 2026",41,0
2026-05-23,QYxOrNcxkY4,makazze's 4K vs MongolZ on Inferno #cs2 #counterstrike #esportworldcup2026,"Aug 20, 2026",41,0
2026-05-24,QYxOrNcxkY4,makazze's 4K vs MongolZ on Inferno #cs2 #counterstrike #esportworldcup2026,"Aug 20, 2026",41,0
2026-05-25,QYxOrNcxkY4,makazze's 4K vs MongolZ on Inferno #cs2 #counterstrike #esportworldcup2026,"Aug 20, 2026",41,0
2026-05-26,QYxOrNcxkY4,makazze's 4K vs MongolZ on Inferno #cs2 #counterstrike #esportworldcup2026,"Aug 20, 2026",41,0
2026-05-27,QYxOrNcxkY4,makazze's 4K vs MongolZ on Inferno #cs2 #counterstrike #esportworldcup2026,"Aug 20, 2026",41,0
2026-05-28,QYxOrNcxkY4,makazze's 4K vs MongolZ on Inferno #cs2 #counterstrike #esportworldcup2026,"Aug 20, 2026",41,0
2026-05-29,QYxOrNcxkY4,makazze's 4K vs MongolZ on Inferno #cs2 #counterstrike #esportworldcup2026,"Aug 20, 2026",41,0
2026-05-30,QYxOrNcxkY4,makazze's 4K vs MongolZ on Inferno #cs2 #counterstrike #esportworldcup2026,"Aug 20, 2026",41,0
2026-05-31,QYxOrNcxkY4,makazze's 4K vs MongolZ on Inferno #cs2 #counterstrike #esportworldcup2026,"Aug 20, 2026",41,0
2026-06-01,QYxOrNcxkY4,makazze's 4K vs MongolZ on Inferno #cs2 #counterstrike #esportworldcup2026,"Aug 20, 2026",41,0
2026-06-02,QYxOrNcxkY4,makazze's 4K vs MongolZ on Inferno #cs2 #counterstrike #esportworldcup2026,"Aug 20, 2026",41,0
2026-06-03,QYxOrNcxkY4,makazze's 4K vs MongolZ on Inferno #cs2 #counterstrike #esportworldcup2026,"Aug 20, 2026",41,0
2026-06-04,QYxOrNcxkY4,makazze's 4K vs MongolZ on Inferno #cs2 #counterstrike #esportworldcup2026,"Aug 20, 2026",41,0
2026-06-05,QYxOrNcxkY4,makazze's 4K vs MongolZ on Inferno #cs2 #counterstrike #esportworldcup2026,"Aug 20, 2026",41,0
2026-06-06,QYxOrNcxkY4,makazze's 4K vs MongolZ on Inferno #cs2 #counterstrike #esportworldcup2026,"Aug 20, 2026",41,0
2026-06-07,QYxOrNcxkY4,makazze's 4K vs MongolZ on Inferno #cs2 #counterstrike #esportworldcup2026,"Aug 20, 2026",41,0
2026-06-08,QYxOrNcxkY4,makazze's 4K vs MongolZ on Inferno #cs2 #counterstrike #esportworldcup2026,"Aug 20, 2026",41,0
2026-06-09,QYxOrNcxkY4,makazze's 4K vs MongolZ on Inferno #cs2 #counterstrike #esportworldcup2026,"Aug 20, 2026",41,0
2026-06-10,QYxOrNcxkY4,makazze's 4K vs MongolZ on Inferno #cs2 #counterstrike #esportworldcup2026,"Aug 20, 2026",41,0
2026-06-11,QYxOrNcxkY4,makazze's 4K vs MongolZ on Inferno #cs2 #counterstrike #esportworldcup2026,"Aug 20, 2026",41,0
2026-06-12,QYxOrNcxkY4,makazze's 4K vs MongolZ on Inferno #cs2 #counterstrike #esportworldcup2026,"Aug 20, 2026",41,0
2026-06-13,QYxOrNcxkY4,makazze's 4K vs MongolZ on Inferno #cs2 #counterstrike #esportworldcup2026,"Aug 20, 2026",41,0
2026-06-14,QYxOrNcxkY4,makazze's 4K vs MongolZ on Inferno #cs2 #counterstrike #esportworldcup2026,"Aug 20, 2026",41,0
2026-06-15,QYxOrNcxkY4,makazze's 4K vs MongolZ on Inferno #cs2 #counterstrike #esportworldcup2026,"Aug 20, 2026",41,0
2026-06-16,QYxOrNcxkY4,makazze's 4K vs MongolZ on Inferno #cs2 #counterstrike #esportworldcup2026,"Aug 20, 2026",41,0
2026-06-17,QYxOrNcxkY4,makazze's 4K vs MongolZ on Inferno #cs2 #counterstrike #esportworldcup2026,"Aug 20, 2026",41,0
2026-06-18,QYxOrNcxkY4,makazze's 4K vs MongolZ on Inferno #cs2 #counterstrike #esportworldcup2026,"Aug 20, 2026",41,0
2026-06-19,QYxOrNcxkY4,makazze's 4K vs MongolZ on Inferno #cs2 #counterstrike #esportworldcup2026,"Aug 20, 2026",41,0
2026-06-20,QYxOrNcxkY4,makazze's 4K vs MongolZ on Inferno #cs2 #counterstrike #esportworldcup2026,"Aug 20, 2026",41,0
2026-06-21,QYxOrNcxkY4,makazze's 4K vs MongolZ on Inferno #cs2 #counterstrike #esportworldcup2026,"Aug 20, 2026",41,0
2026-06-22,QYxOrNcxkY4,makazze's 4K vs MongolZ on Inferno #cs2 #counterstrike #esportworldcup2026,"Aug 20, 2026",41,0
2026-06-23,QYxOrNcxkY4,makazze's 4K vs MongolZ on Inferno #cs2 #counterstrike #esportworldcup2026,"Aug 20, 2026",41,0
2026-06-24,QYxOrNcxkY4,makazze's 4K vs MongolZ on Inferno #cs2 #counterstrike #esportworldcup2026,"Aug 20, 2026",41,0
2026-06-25,QYxOrNcxkY4,makazze's 4K vs MongolZ on Inferno #cs2 #counterstrike #esportworldcup2026,"Aug 20, 2026",41,0
2026-06-26,QYxOrNcxkY4,makazze's 4K vs MongolZ on Inferno #cs2 #counterstrike #esportworldcup2026,"Aug 20, 2026",41,0
2026-06-27,QYxOrNcxkY4,makazze's 4K vs MongolZ on Inferno #cs2 #counterstrike #esportworldcup2026,"Aug 20, 2026",41,0
2026-06-28,QYxOrNcxkY4,makazze's 4K vs MongolZ on Inferno #cs2 #counterstrike #esportworldcup2026,"Aug 20, 2026",41,0
2026-06-29,QYxOrNcxkY4,makazze's 4K vs MongolZ on Inferno #cs2 #counterstrike #esportworldcup2026,"Aug 20, 2026",41,0
2026-06-30,QYxOrNcxkY4,makazze's 4K vs MongolZ on Inferno #cs2 #counterstrike #esportworldcup2026,"Aug 20, 2026",41,0
2026-07-01,QYxOrNcxkY4,makazze's 4K vs MongolZ on Inferno #cs2 #counterstrike #esportworldcup2026,"Aug 20, 2026",41,0
2026-07-02,QYxOrNcxkY4,makazze's 4K vs MongolZ on Inferno #cs2 #counterstrike #esportworldcup2026,"Aug 20, 2026",41,0
2026-07-03,QYxOrNcxkY4,makazze's 4K vs MongolZ on Inferno #cs2 #counterstrike #esportworldcup2026,"Aug 20, 2026",41,0
2026-07-04,QYxOrNcxkY4,makazze's 4K vs MongolZ on Inferno #cs2 #counterstrike #esportworldcup2026,"Aug 20, 2026",41,0
2026-07-05,QYxOrNcxkY4,makazze's 4K vs MongolZ on Inferno #cs2 #counterstrike #esportworldcup2026,"Aug 20, 2026",41,0
2026-07-06,QYxOrNcxkY4,makazze's 4K vs MongolZ on Inferno #cs2 #counterstrike #esportworldcup2026,"Aug 20, 2026",41,0
2026-07-07,QYxOrNcxkY4,makazze's 4K vs MongolZ on Inferno #cs2 #counterstrike #esportworldcup2026,"Aug 20, 2026",41,0
2026-07-08,QYxOrNcxkY4,makazze's 4K vs MongolZ on Inferno #cs2 #counterstrike #esportworldcup2026,"Aug 20, 2026",41,0
2026-07-09,QYxOrNcxkY4,makazze's 4K vs MongolZ on Inferno #cs2 #counterstrike #esportworldcup2026,"Aug 20, 2026",41,0
2026-07-10,QYxOrNcxkY4,makazze's 4K vs MongolZ on Inferno #cs2 #counterstrike #esportworldcup2026,"Aug 20, 2026",41,0
2026-07-11,QYxOrNcxkY4,makazze's 4K vs MongolZ on Inferno #cs2 #counterstrike #esportworldcup2026,"Aug 20, 2026",41,0
2026-07-12,QYxOrNcxkY4,makazze's 4K vs MongolZ on Inferno #cs2 #counterstrike #esportworldcup2026,"Aug 20, 2026",41,0
2026-07-13,QYxOrNcxkY4,makazze's 4K vs MongolZ on Inferno #cs2 #counterstrike #esportworldcup2026,"Aug 20, 2026",41,0
2026-07-14,QYxOrNcxkY4,makazze's 4K vs MongolZ on Inferno #cs2 #counterstrike #esportworldcup2026,"Aug 20, 2026",41,0
2026-07-15,QYxOrNcxkY4,makazze's 4K vs MongolZ on Inferno #cs2 #counterstrike #esportworldcup2026,"Aug 20, 2026",41,0
2026-07-16,QYxOrNcxkY4,makazze's 4K vs MongolZ on Inferno #cs2 #counterstrike #esportworldcup2026,"Aug 20, 2026",41,0
2026-07-17,QYxOrNcxkY4,makazze's 4K vs MongolZ on Inferno #cs2 #counterstrike #esportworldcup2026,"Aug 20, 2026",41,0
2026-07-18,QYxOrNcxkY4,makazze's 4K vs MongolZ on Inferno #cs2 #counterstrike #esportworldcup2026,"Aug 20, 2026",41,0
2026-07-19,QYxOrNcxkY4,makazze's 4K vs MongolZ on Inferno #cs2 #counterstrike #esportworldcup2026,"Aug 20, 2026",41,0
2026-07-20,QYxOrNcxkY4,makazze's 4K vs MongolZ on Inferno #cs2 #counterstrike #esportworldcup2026,"Aug 20, 2026",41,0
2026-07-21,QYxOrNcxkY4,makazze's 4K vs MongolZ on Inferno #cs2 #counterstrike #esportworldcup2026,"Aug 20, 2026",41,0
2026-07-22,QYxOrNcxkY4,makazze's 4K vs MongolZ on Inferno #cs2 #counterstrike #esportworldcup2026,"Aug 20, 2026",41,0
2026-07-23,QYxOrNcxkY4,makazze's 4K vs MongolZ on Inferno #cs2 #counterstrike #esportworldcup2026,"Aug 20, 2026",41,0
2026-07-24,QYxOrNcxkY4,makazze's 4K vs MongolZ on Inferno #cs2 #counterstrike #esportworldcup2026,"Aug 20, 2026",41,0
2026-07-25,QYxOrNcxkY4,makazze's 4K vs MongolZ on Inferno #cs2 #counterstrike #esportworldcup2026,"Aug 20, 2026",41,0
2026-07-26,QYxOrNcxkY4,makazze's 4K vs MongolZ on Inferno #cs2 #counterstrike #esportworldcup2026,"Aug 20, 2026",41,0
2026-07-27,QYxOrNcxkY4,makazze's 4K vs MongolZ on Inferno #cs2 #counterstrike #esportworldcup2026,"Aug 20, 2026",41,0
2026-07-28,QYxOrNcxkY4,makazze's 4K vs MongolZ on Inferno #cs2 #counterstrike #esportworldcup2026,"Aug 20, 2026",41,0
2026-07-29,QYxOrNcxkY4,makazze's 4K vs MongolZ on Inferno #cs2 #counterstrike #esportworldcup2026,"Aug 20, 2026",41,0
2026-07-30,QYxOrNcxkY4,makazze's 4K vs MongolZ on Inferno #cs2 #counterstrike #esportworldcup2026,"Aug 20, 2026",41,0
2026-07-31,QYxOrNcxkY4,makazze's 4K vs MongolZ on Inferno #cs2 #counterstrike #esportworldcup2026,"Aug 20, 2026",41,0
2026-08-01,QYxOrNcxkY4,makazze's 4K vs MongolZ on Inferno #cs2 #counterstrike #esportworldcup2026,"Aug 20, 2026",41,0
2026-08-02,QYxOrNcxkY4,makazze's 4K vs MongolZ on Inferno #cs2 #counterstrike #esportworldcup2026,"Aug 20, 2026",41,0
2026-08-03,QYxOrNcxkY4,makazze's 4K vs MongolZ on Inferno #cs2 #counterstrike #esportworldcup2026,"Aug 20, 2026",41,0
2026-08-04,QYxOrNcxkY4,makazze's 4K vs MongolZ on Inferno #cs2 #counterstrike #esportworldcup2026,"Aug 20, 2026",41,0
2026-08-05,QYxOrNcxkY4,makazze's 4K vs MongolZ on Inferno #cs2 #counterstrike #esportworldcup2026,"Aug 20, 2026",41,0
2026-08-06,QYxOrNcxkY4,makazze's 4K vs MongolZ on Inferno #cs2 #counterstrike #esportworldcup2026,"Aug 20, 2026",41,0
2026-08-07,QYxOrNcxkY4,makazze's 4K vs MongolZ on Inferno #cs2 #counterstrike #esportworldcup2026,"Aug 20, 2026",41,0
2026-08-08,QYxOrNcxkY4,makazze's 4K vs MongolZ on Inferno #cs2 #counterstrike #esportworldcup2026,"Aug 20, 2026",41,0
2026-08-09,QYxOrNcxkY4,makazze's 4K vs MongolZ on Inferno #cs2 #counterstrike #esportworldcup2026,"Aug 20, 2026",41,0
2026-08-10,QYxOrNcxkY4,makazze's 4K vs MongolZ on Inferno #cs2 #counterstrike #esportworldcup2026,"Aug 20, 2026",41,0
2026-08-11,QYxOrNcxkY4,makazze's 4K vs MongolZ on Inferno #cs2 #counterstrike #esportworldcup2026,"Aug 20, 2026",41,0
2026-08-12,QYxOrNcxkY4,makazze's 4K vs MongolZ on Inferno #cs2 #counterstrike #esportworldcup2026,"Aug 20, 2026",41,0
2026-08-13,QYxOrNcxkY4,makazze's 4K vs MongolZ on Inferno #cs2 #counterstrike #esportworldcup2026,"Aug 20, 2026",41,0
2026-08-14,QYxOrNcxkY4,makazze's 4K vs MongolZ on Inferno #cs2 #counterstrike #esportworldcup2026,"Aug 20, 2026",41,0
2026-08-15,QYxOrNcxkY4,makazze's 4K vs MongolZ on Inferno #cs2 #counterstrike #esportworldcup2026,"Aug 20, 2026",41,0
2026-08-16,QYxOrNcxkY4,makazze's 4K vs MongolZ on Inferno #cs2 #counterstrike #esportworldcup2026,"Aug 20, 2026",41,0
2026-08-17,QYxOrNcxkY4,makazze's 4K vs MongolZ on Inferno #cs2 #counterstrike #esportworldcup2026,"Aug 20, 2026",41,0
2026-08-18,QYxOrNcxkY4,makazze's 4K vs MongolZ on Inferno #cs2 #counterstrike #esportworldcup2026,"Aug 20, 2026",41,0
2026-08-19,QYxOrNcxkY4,makazze's 4K vs MongolZ on Inferno #cs2 #counterstrike #esportworldcup2026,"Aug 20, 2026",41,186
2026-08-20,QYxOrNcxkY4,makazze's 4K vs MongolZ on Inferno #cs2 #counterstrike #esportworldcup2026,"Aug 20, 2026",41,480
2026-08-21,QYxOrNcxkY4,makazze's 4K vs MongolZ on Inferno #cs2 #counterstrike #esportworldcup2026,"Aug 20, 2026",41,388
2026-08-22,QYxOrNcxkY4,makazze's 4K vs MongolZ on Inferno #cs2 #counterstrike #esportworldcup2026,"Aug 20, 2026",41,333
2026-08-23,QYxOrNcxkY4,makazze's 4K vs MongolZ on Inferno #cs2 #counterstrike #esportworldcup2026,"Aug 20, 2026",41,25
2026-08-24,QYxOrNcxkY4,makazze's 4K vs MongolZ on Inferno #cs2 #counterstrike #esportworldcup2026,"Aug 20, 2026",41,1
2026-08-25,QYxOrNcxkY4,makazze's 4K vs MongolZ on Inferno #cs2 #counterstrike #esportworldcup2026,"Aug 20, 2026",41,5
2026-08-26,QYxOrNcxkY4,makazze's 4K vs MongolZ on Inferno #cs2 #counterstrike #esportworldcup2026,"Aug 20, 2026",41,1
2026-08-27,QYxOrNcxkY4,makazze's 4K vs MongolZ on Inferno #cs2 #counterstrike #esportworldcup2026,"Aug 20, 2026",41,1
2026-08-28,QYxOrNcxkY4,makazze's 4K vs MongolZ on Inferno #cs2 #counterstrike #esportworldcup2026,"Aug 20, 2026",41,2
2026-08-29,QYxOrNcxkY4,makazze's 4K vs MongolZ on Inferno #cs2 #counterstrike #esportworldcup2026,"Aug 20, 2026",41,2
2026-08-30,QYxOrNcxkY4,makazze's 4K vs MongolZ on Inferno #cs2 #counterstrike #esportworldcup2026,"Aug 20, 2026",41,0
2026-08-31,QYxOrNcxkY4,makazze's 4K vs MongolZ on Inferno #cs2 #counterstrike #esportworldcup2026,"Aug 20, 2026",41,0
2026-09-01,QYxOrNcxkY4,makazze's 4K vs MongolZ on Inferno #cs2 #counterstrike #esportworldcup2026,"Aug 20, 2026",41,0
2026-09-02,QYxOrNcxkY4,makazze's 4K vs MongolZ on Inferno #cs2 #counterstrike #esportworldcup2026,"Aug 20, 2026",41,0
2026-09-03,QYxOrNcxkY4,makazze's 4K vs MongolZ on Inferno #cs2 #counterstrike #esportworldcup2026,"Aug 20, 2026",41,0
2026-09-04,QYxOrNcxkY4,makazze's 4K vs MongolZ on Inferno #cs2 #counterstrike #esportworldcup2026,"Aug 20, 2026",41,0
2026-09-05,QYxOrNcxkY4,makazze's 4K vs MongolZ on Inferno #cs2 #counterstrike #esportworldcup2026,"Aug 20, 2026",41,0
2026-09-06,QYxOrNcxkY4,makazze's 4K vs MongolZ on Inferno #cs2 #counterstrike #esportworldcup2026,"Aug 20, 2026",41,0
2026-09-07,QYxOrNcxkY4,makazze's 4K vs MongolZ on Inferno #cs2 #counterstrike #esportworldcup2026,"Aug 20, 2026",41,0
2026-09-08,QYxOrNcxkY4,makazze's 4K vs MongolZ on Inferno #cs2 #counterstrike #esportworldcup2026,"Aug 20, 2026",41,0
2026-09-09,QYxOrNcxkY4,makazze's 4K vs MongolZ on Inferno #cs2 #counterstrike #esportworldcup2026,"Aug 20, 2026",41,0
2026-09-10,QYxOrNcxkY4,makazze's 4K vs MongolZ on Inferno #cs2 #counterstrike #esportworldcup2026,"Aug 20, 2026",41,0
2026-09-11,QYxOrNcxkY4,makazze's 4K vs MongolZ on Inferno #cs2 #counterstrike #esportworldcup2026,"Aug 20, 2026",41,0
2026-09-12,QYxOrNcxkY4,makazze's 4K vs MongolZ on Inferno #cs2 #counterstrike #esportworldcup2026,"Aug 20, 2026",41,0
2026-09-13,QYxOrNcxkY4,makazze's 4K vs MongolZ on Inferno #cs2 #counterstrike #esportworldcup2026,"Aug 20, 2026",41,0
2026-09-14,QYxOrNcxkY4,makazze's 4K vs MongolZ on Inferno #cs2 #counterstrike #esportworldcup2026,"Aug 20, 2026",41,0
2026-09-15,QYxOrNcxkY4,makazze's 4K vs MongolZ on Inferno #cs2 #counterstrike #esportworldcup2026,"Aug 20, 2026",41,0
2026-09-16,QYxOrNcxkY4,makazze's 4K vs MongolZ on Inferno #cs2 #counterstrike #esportworldcup2026,"Aug 20, 2026",41,0
2026-09-17,QYxOrNcxkY4,makazze's 4K vs MongolZ on Inferno #cs2 #counterstrike #esportworldcup2026,"Aug 20, 2026",41,0
2026-09-18,QYxOrNcxkY4,makazze's 4K vs MongolZ on Inferno #cs2 #counterstrike #esportworldcup2026,"Aug 20, 2026",41,0
2026-09-19,QYxOrNcxkY4,makazze's 4K vs MongolZ on Inferno #cs2 #counterstrike #esportworldcup2026,"Aug 20, 2026",41,0
2026-09-20,QYxOrNcxkY4,makazze's 4K vs MongolZ on Inferno #cs2 #counterstrike #esportworldcup2026,"Aug 20, 2026",41,0
2026-09-21,QYxOrNcxkY4,makazze's 4K vs MongolZ on Inferno #cs2 #counterstrike #esportworldcup2026,"Aug 20, 2026",41,0
2026-09-22,QYxOrNcxkY4,makazze's 4K vs MongolZ on Inferno #cs2 #counterstrike #esportworldcup2026,"Aug 20, 2026",41,0
2026-09-23,QYxOrNcxkY4,makazze's 4K vs MongolZ on Inferno #cs2 #counterstrike #esportworldcup2026,"Aug 20, 2026",41,0
2025-09-24,_ICRj3i6uiQ,NiKo | 1.73 Rating | FURIA vs Falcons | Inferno | Grand Final | IEM Cologne Major 2026,"Jun 28, 2026",1951,0
2025-09-25,_ICRj3i6uiQ,NiKo | 1.73 Rating | FURIA vs Falcons | Inferno | Grand Final | IEM Cologne Major 2026,"Jun 28, 2026",1951,0
2025-09-26,_ICRj3i6uiQ,NiKo | 1.73 Rating | FURIA vs Falcons | Inferno | Grand Final | IEM Cologne Major 2026,"Jun 28, 2026",1951,0
2025-09-27,_ICRj3i6uiQ,NiKo | 1.73 Rating | FURIA vs Falcons | Inferno | Grand Final | IEM Cologne Major 2026,"Jun 28, 2026",1951,0
2025-09-28,_ICRj3i6uiQ,NiKo | 1.73 Rating | FURIA vs Falcons | Inferno | Grand Final | IEM Cologne Major 2026,"Jun 28, 2026",1951,0
2025-09-29,_ICRj3i6uiQ,NiKo | 1.73 Rating | FURIA vs Falcons | Inferno | Grand Final | IEM Cologne Major 2026,"Jun 28, 2026",1951,0
2025-09-30,_ICRj3i6uiQ,NiKo | 1.73 Rating | FURIA vs Falcons | Inferno | Grand Final | IEM Cologne Major 2026,"Jun 28, 2026",1951,0
2025-10-01,_ICRj3i6uiQ,NiKo | 1.73 Rating | FURIA vs Falcons | Inferno | Grand Final | IEM Cologne Major 2026,"Jun 28, 2026",1951,0
2025-10-02,_ICRj3i6uiQ,NiKo | 1.73 Rating | FURIA vs Falcons | Inferno | Grand Final | IEM Cologne Major 2026,"Jun 28, 2026",1951,0
2025-10-03,_ICRj3i6uiQ,NiKo | 1.73 Rating | FURIA vs Falcons | Inferno | Grand Final | IEM Cologne Major 2026,"Jun 28, 2026",1951,0
2025-10-04,_ICRj3i6uiQ,NiKo | 1.73 Rating | FURIA vs Falcons | Inferno | Grand Final | IEM Cologne Major 2026,"Jun 28, 2026",1951,0
2025-10-05,_ICRj3i6uiQ,NiKo | 1.73 Rating | FURIA vs Falcons | Inferno | Grand Final | IEM Cologne Major 2026,"Jun 28, 2026",1951,0
2025-10-06,_ICRj3i6uiQ,NiKo | 1.73 Rating | FURIA vs Falcons | Inferno | Grand Final | IEM Cologne Major 2026,"Jun 28, 2026",1951,0
2025-10-07,_ICRj3i6uiQ,NiKo | 1.73 Rating | FURIA vs Falcons | Inferno | Grand Final | IEM Cologne Major 2026,"Jun 28, 2026",1951,0
2025-10-08,_ICRj3i6uiQ,NiKo | 1.73 Rating | FURIA vs Falcons | Inferno | Grand Final | IEM Cologne Major 2026,"Jun 28, 2026",1951,0
2025-10-09,_ICRj3i6uiQ,NiKo | 1.73 Rating | FURIA vs Falcons | Inferno | Grand Final | IEM Cologne Major 2026,"Jun 28, 2026",1951,0
2025-10-10,_ICRj3i6uiQ,NiKo | 1.73 Rating | FURIA vs Falcons | Inferno | Grand Final | IEM Cologne Major 2026,"Jun 28, 2026",1951,0
2025-10-11,_ICRj3i6uiQ,NiKo | 1.73 Rating | FURIA vs Falcons | Inferno | Grand Final | IEM Cologne Major 2026,"Jun 28, 2026",1951,0
2025-10-12,_ICRj3i6uiQ,NiKo | 1.73 Rating | FURIA vs Falcons | Inferno | Grand Final | IEM Cologne Major 2026,"Jun 28, 2026",1951,0
2025-10-13,_ICRj3i6uiQ,NiKo | 1.73 Rating | FURIA vs Falcons | Inferno | Grand Final | IEM Cologne Major 2026,"Jun 28, 2026",1951,0
2025-10-14,_ICRj3i6uiQ,NiKo | 1.73 Rating | FURIA vs Falcons | Inferno | Grand Final | IEM Cologne Major 2026,"Jun 28, 2026",1951,0
2025-10-15,_ICRj3i6uiQ,NiKo | 1.73 Rating | FURIA vs Falcons | Inferno | Grand Final | IEM Cologne Major 2026,"Jun 28, 2026",1951,0
2025-10-16,_ICRj3i6uiQ,NiKo | 1.73 Rating | FURIA vs Falcons | Inferno | Grand Final | IEM Cologne Major 2026,"Jun 28, 2026",1951,0
2025-10-17,_ICRj3i6uiQ,NiKo | 1.73 Rating | FURIA vs Falcons | Inferno | Grand Final | IEM Cologne Major 2026,"Jun 28, 2026",1951,0
2025-10-18,_ICRj3i6uiQ,NiKo | 1.73 Rating | FURIA vs Falcons | Inferno | Grand Final | IEM Cologne Major 2026,"Jun 28, 2026",1951,0
2025-10-19,_ICRj3i6uiQ,NiKo | 1.73 Rating | FURIA vs Falcons | Inferno | Grand Final | IEM Cologne Major 2026,"Jun 28, 2026",1951,0
2025-10-20,_ICRj3i6uiQ,NiKo | 1.73 Rating | FURIA vs Falcons | Inferno | Grand Final | IEM Cologne Major 2026,"Jun 28, 2026",1951,0
2025-10-21,_ICRj3i6uiQ,NiKo | 1.73 Rating | FURIA vs Falcons | Inferno | Grand Final | IEM Cologne Major 2026,"Jun 28, 2026",1951,0
2025-10-22,_ICRj3i6uiQ,NiKo | 1.73 Rating | FURIA vs Falcons | Inferno | Grand Final | IEM Cologne Major 2026,"Jun 28, 2026",1951,0
2025-10-23,_ICRj3i6uiQ,NiKo | 1.73 Rating | FURIA vs Falcons | Inferno | Grand Final | IEM Cologne Major 2026,"Jun 28, 2026",1951,0
2025-10-24,_ICRj3i6uiQ,NiKo | 1.73 Rating | FURIA vs Falcons | Inferno | Grand Final | IEM Cologne Major 2026,"Jun 28, 2026",1951,0
2025-10-25,_ICRj3i6uiQ,NiKo | 1.73 Rating | FURIA vs Falcons | Inferno | Grand Final | IEM Cologne Major 2026,"Jun 28, 2026",1951,0
2025-10-26,_ICRj3i6uiQ,NiKo | 1.73 Rating | FURIA vs Falcons | Inferno | Grand Final | IEM Cologne Major 2026,"Jun 28, 2026",1951,0
2025-10-27,_ICRj3i6uiQ,NiKo | 1.73 Rating | FURIA vs Falcons | Inferno | Grand Final | IEM Cologne Major 2026,"Jun 28, 2026",1951,0
2025-10-28,_ICRj3i6uiQ,NiKo | 1.73 Rating | FURIA vs Falcons | Inferno | Grand Final | IEM Cologne Major 2026,"Jun 28, 2026",1951,0
2025-10-29,_ICRj3i6uiQ,NiKo | 1.73 Rating | FURIA vs Falcons | Inferno | Grand Final | IEM Cologne Major 2026,"Jun 28, 2026",1951,0
2025-10-30,_ICRj3i6uiQ,NiKo | 1.73 Rating | FURIA vs Falcons | Inferno | Grand Final | IEM Cologne Major 2026,"Jun 28, 2026",1951,0
2025-10-31,_ICRj3i6uiQ,NiKo | 1.73 Rating | FURIA vs Falcons | Inferno | Grand Final | IEM Cologne Major 2026,"Jun 28, 2026",1951,0
2025-11-01,_ICRj3i6uiQ,NiKo | 1.73 Rating | FURIA vs Falcons | Inferno | Grand Final | IEM Cologne Major 2026,"Jun 28, 2026",1951,0
2025-11-02,_ICRj3i6uiQ,NiKo | 1.73 Rating | FURIA vs Falcons | Inferno | Grand Final | IEM Cologne Major 2026,"Jun 28, 2026",1951,0
2025-11-03,_ICRj3i6uiQ,NiKo | 1.73 Rating | FURIA vs Falcons | Inferno | Grand Final | IEM Cologne Major 2026,"Jun 28, 2026",1951,0
2025-11-04,_ICRj3i6uiQ,NiKo | 1.73 Rating | FURIA vs Falcons | Inferno | Grand Final | IEM Cologne Major 2026,"Jun 28, 2026",1951,0
2025-11-05,_ICRj3i6uiQ,NiKo | 1.73 Rating | FURIA vs Falcons | Inferno | Grand Final | IEM Cologne Major 2026,"Jun 28, 2026",1951,0
2025-11-06,_ICRj3i6uiQ,NiKo | 1.73 Rating | FURIA vs Falcons | Inferno | Grand Final | IEM Cologne Major 2026,"Jun 28, 2026",1951,0
2025-11-07,_ICRj3i6uiQ,NiKo | 1.73 Rating | FURIA vs Falcons | Inferno | Grand Final | IEM Cologne Major 2026,"Jun 28, 2026",1951,0
2025-11-08,_ICRj3i6uiQ,NiKo | 1.73 Rating | FURIA vs Falcons | Inferno | Grand Final | IEM Cologne Major 2026,"Jun 28, 2026",1951,0
2025-11-09,_ICRj3i6uiQ,NiKo | 1.73 Rating | FURIA vs Falcons | Inferno | Grand Final | IEM Cologne Major 2026,"Jun 28, 2026",1951,0
2025-11-10,_ICRj3i6uiQ,NiKo | 1.73 Rating | FURIA vs Falcons | Inferno | Grand Final | IEM Cologne Major 2026,"Jun 28, 2026",1951,0
2025-11-11,_ICRj3i6uiQ,NiKo | 1.73 Rating | FURIA vs Falcons | Inferno | Grand Final | IEM Cologne Major 2026,"Jun 28, 2026",1951,0
2025-11-12,_ICRj3i6uiQ,NiKo | 1.73 Rating | FURIA vs Falcons | Inferno | Grand Final | IEM Cologne Major 2026,"Jun 28, 2026",1951,0
2025-11-13,_ICRj3i6uiQ,NiKo | 1.73 Rating | FURIA vs Falcons | Inferno | Grand Final | IEM Cologne Major 2026,"Jun 28, 2026",1951,0
2025-11-14,_ICRj3i6uiQ,NiKo | 1.73 Rating | FURIA vs Falcons | Inferno | Grand Final | IEM Cologne Major 2026,"Jun 28, 2026",1951,0
2025-11-15,_ICRj3i6uiQ,NiKo | 1.73 Rating | FURIA vs Falcons | Inferno | Grand Final | IEM Cologne Major 2026,"Jun 28, 2026",1951,0
2025-11-16,_ICRj3i6uiQ,NiKo | 1.73 Rating | FURIA vs Falcons | Inferno | Grand Final | IEM Cologne Major 2026,"Jun 28, 2026",1951,0
2025-11-17,_ICRj3i6uiQ,NiKo | 1.73 Rating | FURIA vs Falcons | Inferno | Grand Final | IEM Cologne Major 2026,"Jun 28, 2026",1951,0
2025-11-18,_ICRj3i6uiQ,NiKo | 1.73 Rating | FURIA vs Falcons | Inferno | Grand Final | IEM Cologne Major 2026,"Jun 28, 2026",1951,0
2025-11-19,_ICRj3i6uiQ,NiKo | 1.73 Rating | FURIA vs Falcons | Inferno | Grand Final | IEM Cologne Major 2026,"Jun 28, 2026",1951,0
2025-11-20,_ICRj3i6uiQ,NiKo | 1.73 Rating | FURIA vs Falcons | Inferno | Grand Final | IEM Cologne Major 2026,"Jun 28, 2026",1951,0
2025-11-21,_ICRj3i6uiQ,NiKo | 1.73 Rating | FURIA vs Falcons | Inferno | Grand Final | IEM Cologne Major 2026,"Jun 28, 2026",1951,0
2025-11-22,_ICRj3i6uiQ,NiKo | 1.73 Rating | FURIA vs Falcons | Inferno | Grand Final | IEM Cologne Major 2026,"Jun 28, 2026",1951,0
2025-11-23,_ICRj3i6uiQ,NiKo | 1.73 Rating | FURIA vs Falcons | Inferno | Grand Final | IEM Cologne Major 2026,"Jun 28, 2026",1951,0
2025-11-24,_ICRj3i6uiQ,NiKo | 1.73 Rating | FURIA vs Falcons | Inferno | Grand Final | IEM Cologne Major 2026,"Jun 28, 2026",1951,0
2025-11-25,_ICRj3i6uiQ,NiKo | 1.73 Rating | FURIA vs Falcons | Inferno | Grand Final | IEM Cologne Major 2026,"Jun 28, 2026",1951,0
2025-11-26,_ICRj3i6uiQ,NiKo | 1.73 Rating | FURIA vs Falcons | Inferno | Grand Final | IEM Cologne Major 2026,"Jun 28, 2026",1951,0
2025-11-27,_ICRj3i6uiQ,NiKo | 1.73 Rating | FURIA vs Falcons | Inferno | Grand Final | IEM Cologne Major 2026,"Jun 28, 2026",1951,0
2025-11-28,_ICRj3i6uiQ,NiKo | 1.73 Rating | FURIA vs Falcons | Inferno | Grand Final | IEM Cologne Major 2026,"Jun 28, 2026",1951,0
2025-11-29,_ICRj3i6uiQ,NiKo | 1.73 Rating | FURIA vs Falcons | Inferno | Grand Final | IEM Cologne Major 2026,"Jun 28, 2026",1951,0
2025-11-30,_ICRj3i6uiQ,NiKo | 1.73 Rating | FURIA vs Falcons | Inferno | Grand Final | IEM Cologne Major 2026,"Jun 28, 2026",1951,0
2025-12-01,_ICRj3i6uiQ,NiKo | 1.73 Rating | FURIA vs Falcons | Inferno | Grand Final | IEM Cologne Major 2026,"Jun 28, 2026",1951,0
2025-12-02,_ICRj3i6uiQ,NiKo | 1.73 Rating | FURIA vs Falcons | Inferno | Grand Final | IEM Cologne Major 2026,"Jun 28, 2026",1951,0
2025-12-03,_ICRj3i6uiQ,NiKo | 1.73 Rating | FURIA vs Falcons | Inferno | Grand Final | IEM Cologne Major 2026,"Jun 28, 2026",1951,0
2025-12-04,_ICRj3i6uiQ,NiKo | 1.73 Rating | FURIA vs Falcons | Inferno | Grand Final | IEM Cologne Major 2026,"Jun 28, 2026",1951,0
2025-12-05,_ICRj3i6uiQ,NiKo | 1.73 Rating | FURIA vs Falcons | Inferno | Grand Final | IEM Cologne Major 2026,"Jun 28, 2026",1951,0
2025-12-06,_ICRj3i6uiQ,NiKo | 1.73 Rating | FURIA vs Falcons | Inferno | Grand Final | IEM Cologne Major 2026,"Jun 28, 2026",1951,0
2025-12-07,_ICRj3i6uiQ,NiKo | 1.73 Rating | FURIA vs Falcons | Inferno | Grand Final | IEM Cologne Major 2026,"Jun 28, 2026",1951,0
2025-12-08,_ICRj3i6uiQ,NiKo | 1.73 Rating | FURIA vs Falcons | Inferno | Grand Final | IEM Cologne Major 2026,"Jun 28, 2026",1951,0
2025-12-09,_ICRj3i6uiQ,NiKo | 1.73 Rating | FURIA vs Falcons | Inferno | Grand Final | IEM Cologne Major 2026,"Jun 28, 2026",1951,0
2025-12-10,_ICRj3i6uiQ,NiKo | 1.73 Rating | FURIA vs Falcons | Inferno | Grand Final | IEM Cologne Major 2026,"Jun 28, 2026",1951,0
2025-12-11,_ICRj3i6uiQ,NiKo | 1.73 Rating | FURIA vs Falcons | Inferno | Grand Final | IEM Cologne Major 2026,"Jun 28, 2026",1951,0
2025-12-12,_ICRj3i6uiQ,NiKo | 1.73 Rating | FURIA vs Falcons | Inferno | Grand Final | IEM Cologne Major 2026,"Jun 28, 2026",1951,0
2025-12-13,_ICRj3i6uiQ,NiKo | 1.73 Rating | FURIA vs Falcons | Inferno | Grand Final | IEM Cologne Major 2026,"Jun 28, 2026",1951,0
2025-12-14,_ICRj3i6uiQ,NiKo | 1.73 Rating | FURIA vs Falcons | Inferno | Grand Final | IEM Cologne Major 2026,"Jun 28, 2026",1951,0
2025-12-15,_ICRj3i6uiQ,NiKo | 1.73 Rating | FURIA vs Falcons | Inferno | Grand Final | IEM Cologne Major 2026,"Jun 28, 2026",1951,0
2025-12-16,_ICRj3i6uiQ,NiKo | 1.73 Rating | FURIA vs Falcons | Inferno | Grand Final | IEM Cologne Major 2026,"Jun 28, 2026",1951,0
2025-12-17,_ICRj3i6uiQ,NiKo | 1.73 Rating | FURIA vs Falcons | Inferno | Grand Final | IEM Cologne Major 2026,"Jun 28, 2026",1951,0
2025-12-18,_ICRj3i6uiQ,NiKo | 1.73 Rating | FURIA vs Falcons | Inferno | Grand Final | IEM Cologne Major 2026,"Jun 28, 2026",1951,0
2025-12-19,_ICRj3i6uiQ,NiKo | 1.73 Rating | FURIA vs Falcons | Inferno | Grand Final | IEM Cologne Major 2026,"Jun 28, 2026",1951,0
2025-12-20,_ICRj3i6uiQ,NiKo | 1.73 Rating | FURIA vs Falcons | Inferno | Grand Final | IEM Cologne Major 2026,"Jun 28, 2026",1951,0
2025-12-21,_ICRj3i6uiQ,NiKo | 1.73 Rating | FURIA vs Falcons | Inferno | Grand Final | IEM Cologne Major 2026,"Jun 28, 2026",1951,0
2025-12-22,_ICRj3i6uiQ,NiKo | 1.73 Rating | FURIA vs Falcons | Inferno | Grand Final | IEM Cologne Major 2026,"Jun 28, 2026",1951,0
2025-12-23,_ICRj3i6uiQ,NiKo | 1.73 Rating | FURIA vs Falcons | Inferno | Grand Final | IEM Cologne Major 2026,"Jun 28, 2026",1951,0
2025-12-24,_ICRj3i6uiQ,NiKo | 1.73 Rating | FURIA vs Falcons | Inferno | Grand Final | IEM Cologne Major 2026,"Jun 28, 2026",1951,0
2025-12-25,_ICRj3i6uiQ,NiKo | 1.73 Rating | FURIA vs Falcons | Inferno | Grand Final | IEM Cologne Major 2026,"Jun 28, 2026",1951,0
2025-12-26,_ICRj3i6uiQ,NiKo | 1.73 Rating | FURIA vs Falcons | Inferno | Grand Final | IEM Cologne Major 2026,"Jun 28, 2026",1951,0
2025-12-27,_ICRj3i6uiQ,NiKo | 1.73 Rating | FURIA vs Falcons | Inferno | Grand Final | IEM Cologne Major 2026,"Jun 28, 2026",1951,0
2025-12-28,_ICRj3i6uiQ,NiKo | 1.73 Rating | FURIA vs Falcons | Inferno | Grand Final | IEM Cologne Major 2026,"Jun 28, 2026",1951,0
2025-12-29,_ICRj3i6uiQ,NiKo | 1.73 Rating | FURIA vs Falcons | Inferno | Grand Final | IEM Cologne Major 2026,"Jun 28, 2026",1951,0
2025-12-30,_ICRj3i6uiQ,NiKo | 1.73 Rating | FURIA vs Falcons | Inferno | Grand Final | IEM Cologne Major 2026,"Jun 28, 2026",1951,0
2025-12-31,_ICRj3i6uiQ,NiKo | 1.73 Rating | FURIA vs Falcons | Inferno | Grand Final | IEM Cologne Major 2026,"Jun 28, 2026",1951,0
2026-01-01,_ICRj3i6uiQ,NiKo | 1.73 Rating | FURIA vs Falcons | Inferno | Grand Final | IEM Cologne Major 2026,"Jun 28, 2026",1951,0
2026-01-02,_ICRj3i6uiQ,NiKo | 1.73 Rating | FURIA vs Falcons | Inferno | Grand Final | IEM Cologne Major 2026,"Jun 28, 2026",1951,0
2026-01-03,_ICRj3i6uiQ,NiKo | 1.73 Rating | FURIA vs Falcons | Inferno | Grand Final | IEM Cologne Major 2026,"Jun 28, 2026",1951,0
2026-01-04,_ICRj3i6uiQ,NiKo | 1.73 Rating | FURIA vs Falcons | Inferno | Grand Final | IEM Cologne Major 2026,"Jun 28, 2026",1951,0
2026-01-05,_ICRj3i6uiQ,NiKo | 1.73 Rating | FURIA vs Falcons | Inferno | Grand Final | IEM Cologne Major 2026,"Jun 28, 2026",1951,0
2026-01-06,_ICRj3i6uiQ,NiKo | 1.73 Rating | FURIA vs Falcons | Inferno | Grand Final | IEM Cologne Major 2026,"Jun 28, 2026",1951,0
2026-01-07,_ICRj3i6uiQ,NiKo | 1.73 Rating | FURIA vs Falcons | Inferno | Grand Final | IEM Cologne Major 2026,"Jun 28, 2026",1951,0
2026-01-08,_ICRj3i6uiQ,NiKo | 1.73 Rating | FURIA vs Falcons | Inferno | Grand Final | IEM Cologne Major 2026,"Jun 28, 2026",1951,0
2026-01-09,_ICRj3i6uiQ,NiKo | 1.73 Rating | FURIA vs Falcons | Inferno | Grand Final | IEM Cologne Major 2026,"Jun 28, 2026",1951,0
2026-01-10,_ICRj3i6uiQ,NiKo | 1.73 Rating | FURIA vs Falcons | Inferno | Grand Final | IEM Cologne Major 2026,"Jun 28, 2026",1951,0
2026-01-11,_ICRj3i6uiQ,NiKo | 1.73 Rating | FURIA vs Falcons | Inferno | Grand Final | IEM Cologne Major 2026,"Jun 28, 2026",1951,0
2026-01-12,_ICRj3i6uiQ,NiKo | 1.73 Rating | FURIA vs Falcons | Inferno | Grand Final | IEM Cologne Major 2026,"Jun 28, 2026",1951,0
2026-01-13,_ICRj3i6uiQ,NiKo | 1.73 Rating | FURIA vs Falcons | Inferno | Grand Final | IEM Cologne Major 2026,"Jun 28, 2026",1951,0
2026-01-14,_ICRj3i6uiQ,NiKo | 1.73 Rating | FURIA vs Falcons | Inferno | Grand Final | IEM Cologne Major 2026,"Jun 28, 2026",1951,0
2026-01-15,_ICRj3i6uiQ,NiKo | 1.73 Rating | FURIA vs Falcons | Inferno | Grand Final | IEM Cologne Major 2026,"Jun 28, 2026",1951,0
2026-01-16,_ICRj3i6uiQ,NiKo | 1.73 Rating | FURIA vs Falcons | Inferno | Grand Final | IEM Cologne Major 2026,"Jun 28, 2026",1951,0
2026-01-17,_ICRj3i6uiQ,NiKo | 1.73 Rating | FURIA vs Falcons | Inferno | Grand Final | IEM Cologne Major 2026,"Jun 28, 2026",1951,0
2026-01-18,_ICRj3i6uiQ,NiKo | 1.73 Rating | FURIA vs Falcons | Inferno | Grand Final | IEM Cologne Major 2026,"Jun 28, 2026",1951,0
2026-01-19,_ICRj3i6uiQ,NiKo | 1.73 Rating | FURIA vs Falcons | Inferno | Grand Final | IEM Cologne Major 2026,"Jun 28, 2026",1951,0
2026-01-20,_ICRj3i6uiQ,NiKo | 1.73 Rating | FURIA vs Falcons | Inferno | Grand Final | IEM Cologne Major 2026,"Jun 28, 2026",1951,0
2026-01-21,_ICRj3i6uiQ,NiKo | 1.73 Rating | FURIA vs Falcons | Inferno | Grand Final | IEM Cologne Major 2026,"Jun 28, 2026",1951,0
2026-01-22,_ICRj3i6uiQ,NiKo | 1.73 Rating | FURIA vs Falcons | Inferno | Grand Final | IEM Cologne Major 2026,"Jun 28, 2026",1951,0
2026-01-23,_ICRj3i6uiQ,NiKo | 1.73 Rating | FURIA vs Falcons | Inferno | Grand Final | IEM Cologne Major 2026,"Jun 28, 2026",1951,0
2026-01-24,_ICRj3i6uiQ,NiKo | 1.73 Rating | FURIA vs Falcons | Inferno | Grand Final | IEM Cologne Major 2026,"Jun 28, 2026",1951,0
2026-01-25,_ICRj3i6uiQ,NiKo | 1.73 Rating | FURIA vs Falcons | Inferno | Grand Final | IEM Cologne Major 2026,"Jun 28, 2026",1951,0
2026-01-26,_ICRj3i6uiQ,NiKo | 1.73 Rating | FURIA vs Falcons | Inferno | Grand Final | IEM Cologne Major 2026,"Jun 28, 2026",1951,0
2026-01-27,_ICRj3i6uiQ,NiKo | 1.73 Rating | FURIA vs Falcons | Inferno | Grand Final | IEM Cologne Major 2026,"Jun 28, 2026",1951,0
2026-01-28,_ICRj3i6uiQ,NiKo | 1.73 Rating | FURIA vs Falcons | Inferno | Grand Final | IEM Cologne Major 2026,"Jun 28, 2026",1951,0
2026-01-29,_ICRj3i6uiQ,NiKo | 1.73 Rating | FURIA vs Falcons | Inferno | Grand Final | IEM Cologne Major 2026,"Jun 28, 2026",1951,0
2026-01-30,_ICRj3i6uiQ,NiKo | 1.73 Rating | FURIA vs Falcons | Inferno | Grand Final | IEM Cologne Major 2026,"Jun 28, 2026",1951,0
2026-01-31,_ICRj3i6uiQ,NiKo | 1.73 Rating | FURIA vs Falcons | Inferno | Grand Final | IEM Cologne Major 2026,"Jun 28, 2026",1951,0
2026-02-01,_ICRj3i6uiQ,NiKo | 1.73 Rating | FURIA vs Falcons | Inferno | Grand Final | IEM Cologne Major 2026,"Jun 28, 2026",1951,0
2026-02-02,_ICRj3i6uiQ,NiKo | 1.73 Rating | FURIA vs Falcons | Inferno | Grand Final | IEM Cologne Major 2026,"Jun 28, 2026",1951,0
2026-02-03,_ICRj3i6uiQ,NiKo | 1.73 Rating | FURIA vs Falcons | Inferno | Grand Final | IEM Cologne Major 2026,"Jun 28, 2026",1951,0
2026-02-04,_ICRj3i6uiQ,NiKo | 1.73 Rating | FURIA vs Falcons | Inferno | Grand Final | IEM Cologne Major 2026,"Jun 28, 2026",1951,0
2026-02-05,_ICRj3i6uiQ,NiKo | 1.73 Rating | FURIA vs Falcons | Inferno | Grand Final | IEM Cologne Major 2026,"Jun 28, 2026",1951,0
2026-02-06,_ICRj3i6uiQ,NiKo | 1.73 Rating | FURIA vs Falcons | Inferno | Grand Final | IEM Cologne Major 2026,"Jun 28, 2026",1951,0
2026-02-07,_ICRj3i6uiQ,NiKo | 1.73 Rating | FURIA vs Falcons | Inferno | Grand Final | IEM Cologne Major 2026,"Jun 28, 2026",1951,0
2026-02-08,_ICRj3i6uiQ,NiKo | 1.73 Rating | FURIA vs Falcons | Inferno | Grand Final | IEM Cologne Major 2026,"Jun 28, 2026",1951,0
2026-02-09,_ICRj3i6uiQ,NiKo | 1.73 Rating | FURIA vs Falcons | Inferno | Grand Final | IEM Cologne Major 2026,"Jun 28, 2026",1951,0
2026-02-10,_ICRj3i6uiQ,NiKo | 1.73 Rating | FURIA vs Falcons | Inferno | Grand Final | IEM Cologne Major 2026,"Jun 28, 2026",1951,0
2026-02-11,_ICRj3i6uiQ,NiKo | 1.73 Rating | FURIA vs Falcons | Inferno | Grand Final | IEM Cologne Major 2026,"Jun 28, 2026",1951,0
2026-02-12,_ICRj3i6uiQ,NiKo | 1.73 Rating | FURIA vs Falcons | Inferno | Grand Final | IEM Cologne Major 2026,"Jun 28, 2026",1951,0
2026-02-13,_ICRj3i6uiQ,NiKo | 1.73 Rating | FURIA vs Falcons | Inferno | Grand Final | IEM Cologne Major 2026,"Jun 28, 2026",1951,0
2026-02-14,_ICRj3i6uiQ,NiKo | 1.73 Rating | FURIA vs Falcons | Inferno | Grand Final | IEM Cologne Major 2026,"Jun 28, 2026",1951,0
2026-02-15,_ICRj3i6uiQ,NiKo | 1.73 Rating | FURIA vs Falcons | Inferno | Grand Final | IEM Cologne Major 2026,"Jun 28, 2026",1951,0
2026-02-16,_ICRj3i6uiQ,NiKo | 1.73 Rating | FURIA vs Falcons | Inferno | Grand Final | IEM Cologne Major 2026,"Jun 28, 2026",1951,0
2026-02-17,_ICRj3i6uiQ,NiKo | 1.73 Rating | FURIA vs Falcons | Inferno | Grand Final | IEM Cologne Major 2026,"Jun 28, 2026",1951,0
2026-02-18,_ICRj3i6uiQ,NiKo | 1.73 Rating | FURIA vs Falcons | Inferno | Grand Final | IEM Cologne Major 2026,"Jun 28, 2026",1951,0
2026-02-19,_ICRj3i6uiQ,NiKo | 1.73 Rating | FURIA vs Falcons | Inferno | Grand Final | IEM Cologne Major 2026,"Jun 28, 2026",1951,0
2026-02-20,_ICRj3i6uiQ,NiKo | 1.73 Rating | FURIA vs Falcons | Inferno | Grand Final | IEM Cologne Major 2026,"Jun 28, 2026",1951,0
2026-02-21,_ICRj3i6uiQ,NiKo | 1.73 Rating | FURIA vs Falcons | Inferno | Grand Final | IEM Cologne Major 2026,"Jun 28, 2026",1951,0
2026-02-22,_ICRj3i6uiQ,NiKo | 1.73 Rating | FURIA vs Falcons | Inferno | Grand Final | IEM Cologne Major 2026,"Jun 28, 2026",1951,0
2026-02-23,_ICRj3i6uiQ,NiKo | 1.73 Rating | FURIA vs Falcons | Inferno | Grand Final | IEM Cologne Major 2026,"Jun 28, 2026",1951,0
2026-02-24,_ICRj3i6uiQ,NiKo | 1.73 Rating | FURIA vs Falcons | Inferno | Grand Final | IEM Cologne Major 2026,"Jun 28, 2026",1951,0
2026-02-25,_ICRj3i6uiQ,NiKo | 1.73 Rating | FURIA vs Falcons | Inferno | Grand Final | IEM Cologne Major 2026,"Jun 28, 2026",1951,0
2026-02-26,_ICRj3i6uiQ,NiKo | 1.73 Rating | FURIA vs Falcons | Inferno | Grand Final | IEM Cologne Major 2026,"Jun 28, 2026",1951,0
2026-02-27,_ICRj3i6uiQ,NiKo | 1.73 Rating | FURIA vs Falcons | Inferno | Grand Final | IEM Cologne Major 2026,"Jun 28, 2026",1951,0
2026-02-28,_ICRj3i6uiQ,NiKo | 1.73 Rating | FURIA vs Falcons | Inferno | Grand Final | IEM Cologne Major 2026,"Jun 28, 2026",1951,0
2026-03-01,_ICRj3i6uiQ,NiKo | 1.73 Rating | FURIA vs Falcons | Inferno | Grand Final | IEM Cologne Major 2026,"Jun 28, 2026",1951,0
2026-03-02,_ICRj3i6uiQ,NiKo | 1.73 Rating | FURIA vs Falcons | Inferno | Grand Final | IEM Cologne Major 2026,"Jun 28, 2026",1951,0
2026-03-03,_ICRj3i6uiQ,NiKo | 1.73 Rating | FURIA vs Falcons | Inferno | Grand Final | IEM Cologne Major 2026,"Jun 28, 2026",1951,0
2026-03-04,_ICRj3i6uiQ,NiKo | 1.73 Rating | FURIA vs Falcons | Inferno | Grand Final | IEM Cologne Major 2026,"Jun 28, 2026",1951,0
2026-03-05,_ICRj3i6uiQ,NiKo | 1.73 Rating | FURIA vs Falcons | Inferno | Grand Final | IEM Cologne Major 2026,"Jun 28, 2026",1951,0
2026-03-06,_ICRj3i6uiQ,NiKo | 1.73 Rating | FURIA vs Falcons | Inferno | Grand Final | IEM Cologne Major 2026,"Jun 28, 2026",1951,0
2026-03-07,_ICRj3i6uiQ,NiKo | 1.73 Rating | FURIA vs Falcons | Inferno | Grand Final | IEM Cologne Major 2026,"Jun 28, 2026",1951,0
2026-03-08,_ICRj3i6uiQ,NiKo | 1.73 Rating | FURIA vs Falcons | Inferno | Grand Final | IEM Cologne Major 2026,"Jun 28, 2026",1951,0
2026-03-09,_ICRj3i6uiQ,NiKo | 1.73 Rating | FURIA vs Falcons | Inferno | Grand Final | IEM Cologne Major 2026,"Jun 28, 2026",1951,0
2026-03-10,_ICRj3i6uiQ,NiKo | 1.73 Rating | FURIA vs Falcons | Inferno | Grand Final | IEM Cologne Major 2026,"Jun 28, 2026",1951,0
2026-03-11,_ICRj3i6uiQ,NiKo | 1.73 Rating | FURIA vs Falcons | Inferno | Grand Final | IEM Cologne Major 2026,"Jun 28, 2026",1951,0
2026-03-12,_ICRj3i6uiQ,NiKo | 1.73 Rating | FURIA vs Falcons | Inferno | Grand Final | IEM Cologne Major 2026,"Jun 28, 2026",1951,0
2026-03-13,_ICRj3i6uiQ,NiKo | 1.73 Rating | FURIA vs Falcons | Inferno | Grand Final | IEM Cologne Major 2026,"Jun 28, 2026",1951,0
2026-03-14,_ICRj3i6uiQ,NiKo | 1.73 Rating | FURIA vs Falcons | Inferno | Grand Final | IEM Cologne Major 2026,"Jun 28, 2026",1951,0
2026-03-15,_ICRj3i6uiQ,NiKo | 1.73 Rating | FURIA vs Falcons | Inferno | Grand Final | IEM Cologne Major 2026,"Jun 28, 2026",1951,0
2026-03-16,_ICRj3i6uiQ,NiKo | 1.73 Rating | FURIA vs Falcons | Inferno | Grand Final | IEM Cologne Major 2026,"Jun 28, 2026",1951,0
2026-03-17,_ICRj3i6uiQ,NiKo | 1.73 Rating | FURIA vs Falcons | Inferno | Grand Final | IEM Cologne Major 2026,"Jun 28, 2026",1951,0
2026-03-18,_ICRj3i6uiQ,NiKo | 1.73 Rating | FURIA vs Falcons | Inferno | Grand Final | IEM Cologne Major 2026,"Jun 28, 2026",1951,0
2026-03-19,_ICRj3i6uiQ,NiKo | 1.73 Rating | FURIA vs Falcons | Inferno | Grand Final | IEM Cologne Major 2026,"Jun 28, 2026",1951,0
2026-03-20,_ICRj3i6uiQ,NiKo | 1.73 Rating | FURIA vs Falcons | Inferno | Grand Final | IEM Cologne Major 2026,"Jun 28, 2026",1951,0
2026-03-21,_ICRj3i6uiQ,NiKo | 1.73 Rating | FURIA vs Falcons | Inferno | Grand Final | IEM Cologne Major 2026,"Jun 28, 2026",1951,0
2026-03-22,_ICRj3i6uiQ,NiKo | 1.73 Rating | FURIA vs Falcons | Inferno | Grand Final | IEM Cologne Major 2026,"Jun 28, 2026",1951,0
2026-03-23,_ICRj3i6uiQ,NiKo | 1.73 Rating | FURIA vs Falcons | Inferno | Grand Final | IEM Cologne Major 2026,"Jun 28, 2026",1951,0
2026-03-24,_ICRj3i6uiQ,NiKo | 1.73 Rating | FURIA vs Falcons | Inferno | Grand Final | IEM Cologne Major 2026,"Jun 28, 2026",1951,0
2026-03-25,_ICRj3i6uiQ,NiKo | 1.73 Rating | FURIA vs Falcons | Inferno | Grand Final | IEM Cologne Major 2026,"Jun 28, 2026",1951,0
2026-03-26,_ICRj3i6uiQ,NiKo | 1.73 Rating | FURIA vs Falcons | Inferno | Grand Final | IEM Cologne Major 2026,"Jun 28, 2026",1951,0
2026-03-27,_ICRj3i6uiQ,NiKo | 1.73 Rating | FURIA vs Falcons | Inferno | Grand Final | IEM Cologne Major 2026,"Jun 28, 2026",1951,0
2026-03-28,_ICRj3i6uiQ,NiKo | 1.73 Rating | FURIA vs Falcons | Inferno | Grand Final | IEM Cologne Major 2026,"Jun 28, 2026",1951,0
2026-03-29,_ICRj3i6uiQ,NiKo | 1.73 Rating | FURIA vs Falcons | Inferno | Grand Final | IEM Cologne Major 2026,"Jun 28, 2026",1951,0
2026-03-30,_ICRj3i6uiQ,NiKo | 1.73 Rating | FURIA vs Falcons | Inferno | Grand Final | IEM Cologne Major 2026,"Jun 28, 2026",1951,0
2026-03-31,_ICRj3i6uiQ,NiKo | 1.73 Rating | FURIA vs Falcons | Inferno | Grand Final | IEM Cologne Major 2026,"Jun 28, 2026",1951,0
2026-04-01,_ICRj3i6uiQ,NiKo | 1.73 Rating | FURIA vs Falcons | Inferno | Grand Final | IEM Cologne Major 2026,"Jun 28, 2026",1951,0
2026-04-02,_ICRj3i6uiQ,NiKo | 1.73 Rating | FURIA vs Falcons | Inferno | Grand Final | IEM Cologne Major 2026,"Jun 28, 2026",1951,0
2026-04-03,_ICRj3i6uiQ,NiKo | 1.73 Rating | FURIA vs Falcons | Inferno | Grand Final | IEM Cologne Major 2026,"Jun 28, 2026",1951,0
2026-04-04,_ICRj3i6uiQ,NiKo | 1.73 Rating | FURIA vs Falcons | Inferno | Grand Final | IEM Cologne Major 2026,"Jun 28, 2026",1951,0
2026-04-05,_ICRj3i6uiQ,NiKo | 1.73 Rating | FURIA vs Falcons | Inferno | Grand Final | IEM Cologne Major 2026,"Jun 28, 2026",1951,0
2026-04-06,_ICRj3i6uiQ,NiKo | 1.73 Rating | FURIA vs Falcons | Inferno | Grand Final | IEM Cologne Major 2026,"Jun 28, 2026",1951,0
2026-04-07,_ICRj3i6uiQ,NiKo | 1.73 Rating | FURIA vs Falcons | Inferno | Grand Final | IEM Cologne Major 2026,"Jun 28, 2026",1951,0
2026-04-08,_ICRj3i6uiQ,NiKo | 1.73 Rating | FURIA vs Falcons | Inferno | Grand Final | IEM Cologne Major 2026,"Jun 28, 2026",1951,0
2026-04-09,_ICRj3i6uiQ,NiKo | 1.73 Rating | FURIA vs Falcons | Inferno | Grand Final | IEM Cologne Major 2026,"Jun 28, 2026",1951,0
2026-04-10,_ICRj3i6uiQ,NiKo | 1.73 Rating | FURIA vs Falcons | Inferno | Grand Final | IEM Cologne Major 2026,"Jun 28, 2026",1951,0
2026-04-11,_ICRj3i6uiQ,NiKo | 1.73 Rating | FURIA vs Falcons | Inferno | Grand Final | IEM Cologne Major 2026,"Jun 28, 2026",1951,0
2026-04-12,_ICRj3i6uiQ,NiKo | 1.73 Rating | FURIA vs Falcons | Inferno | Grand Final | IEM Cologne Major 2026,"Jun 28, 2026",1951,0
2026-04-13,_ICRj3i6uiQ,NiKo | 1.73 Rating | FURIA vs Falcons | Inferno | Grand Final | IEM Cologne Major 2026,"Jun 28, 2026",1951,0
2026-04-14,_ICRj3i6uiQ,NiKo | 1.73 Rating | FURIA vs Falcons | Inferno | Grand Final | IEM Cologne Major 2026,"Jun 28, 2026",1951,0
2026-04-15,_ICRj3i6uiQ,NiKo | 1.73 Rating | FURIA vs Falcons | Inferno | Grand Final | IEM Cologne Major 2026,"Jun 28, 2026",1951,0
2026-04-16,_ICRj3i6uiQ,NiKo | 1.73 Rating | FURIA vs Falcons | Inferno | Grand Final | IEM Cologne Major 2026,"Jun 28, 2026",1951,0
2026-04-17,_ICRj3i6uiQ,NiKo | 1.73 Rating | FURIA vs Falcons | Inferno | Grand Final | IEM Cologne Major 2026,"Jun 28, 2026",1951,0
2026-04-18,_ICRj3i6uiQ,NiKo | 1.73 Rating | FURIA vs Falcons | Inferno | Grand Final | IEM Cologne Major 2026,"Jun 28, 2026",1951,0
2026-04-19,_ICRj3i6uiQ,NiKo | 1.73 Rating | FURIA vs Falcons | Inferno | Grand Final | IEM Cologne Major 2026,"Jun 28, 2026",1951,0
2026-04-20,_ICRj3i6uiQ,NiKo | 1.73 Rating | FURIA vs Falcons | Inferno | Grand Final | IEM Cologne Major 2026,"Jun 28, 2026",1951,0
2026-04-21,_ICRj3i6uiQ,NiKo | 1.73 Rating | FURIA vs Falcons | Inferno | Grand Final | IEM Cologne Major 2026,"Jun 28, 2026",1951,0
2026-04-22,_ICRj3i6uiQ,NiKo | 1.73 Rating | FURIA vs Falcons | Inferno | Grand Final | IEM Cologne Major 2026,"Jun 28, 2026",1951,0
2026-04-23,_ICRj3i6uiQ,NiKo | 1.73 Rating | FURIA vs Falcons | Inferno | Grand Final | IEM Cologne Major 2026,"Jun 28, 2026",1951,0
2026-04-24,_ICRj3i6uiQ,NiKo | 1.73 Rating | FURIA vs Falcons | Inferno | Grand Final | IEM Cologne Major 2026,"Jun 28, 2026",1951,0
2026-04-25,_ICRj3i6uiQ,NiKo | 1.73 Rating | FURIA vs Falcons | Inferno | Grand Final | IEM Cologne Major 2026,"Jun 28, 2026",1951,0
2026-04-26,_ICRj3i6uiQ,NiKo | 1.73 Rating | FURIA vs Falcons | Inferno | Grand Final | IEM Cologne Major 2026,"Jun 28, 2026",1951,0
2026-04-27,_ICRj3i6uiQ,NiKo | 1.73 Rating | FURIA vs Falcons | Inferno | Grand Final | IEM Cologne Major 2026,"Jun 28, 2026",1951,0
2026-04-28,_ICRj3i6uiQ,NiKo | 1.73 Rating | FURIA vs Falcons | Inferno | Grand Final | IEM Cologne Major 2026,"Jun 28, 2026",1951,0
2026-04-29,_ICRj3i6uiQ,NiKo | 1.73 Rating | FURIA vs Falcons | Inferno | Grand Final | IEM Cologne Major 2026,"Jun 28, 2026",1951,0
2026-04-30,_ICRj3i6uiQ,NiKo | 1.73 Rating | FURIA vs Falcons | Inferno | Grand Final | IEM Cologne Major 2026,"Jun 28, 2026",1951,0
2026-05-01,_ICRj3i6uiQ,NiKo | 1.73 Rating | FURIA vs Falcons | Inferno | Grand Final | IEM Cologne Major 2026,"Jun 28, 2026",1951,0
2026-05-02,_ICRj3i6uiQ,NiKo | 1.73 Rating | FURIA vs Falcons | Inferno | Grand Final | IEM Cologne Major 2026,"Jun 28, 2026",1951,0
2026-05-03,_ICRj3i6uiQ,NiKo | 1.73 Rating | FURIA vs Falcons | Inferno | Grand Final | IEM Cologne Major 2026,"Jun 28, 2026",1951,0
2026-05-04,_ICRj3i6uiQ,NiKo | 1.73 Rating | FURIA vs Falcons | Inferno | Grand Final | IEM Cologne Major 2026,"Jun 28, 2026",1951,0
2026-05-05,_ICRj3i6uiQ,NiKo | 1.73 Rating | FURIA vs Falcons | Inferno | Grand Final | IEM Cologne Major 2026,"Jun 28, 2026",1951,0
2026-05-06,_ICRj3i6uiQ,NiKo | 1.73 Rating | FURIA vs Falcons | Inferno | Grand Final | IEM Cologne Major 2026,"Jun 28, 2026",1951,0
2026-05-07,_ICRj3i6uiQ,NiKo | 1.73 Rating | FURIA vs Falcons | Inferno | Grand Final | IEM Cologne Major 2026,"Jun 28, 2026",1951,0
2026-05-08,_ICRj3i6uiQ,NiKo | 1.73 Rating | FURIA vs Falcons | Inferno | Grand Final | IEM Cologne Major 2026,"Jun 28, 2026",1951,0
2026-05-09,_ICRj3i6uiQ,NiKo | 1.73 Rating | FURIA vs Falcons | Inferno | Grand Final | IEM Cologne Major 2026,"Jun 28, 2026",1951,0
2026-05-10,_ICRj3i6uiQ,NiKo | 1.73 Rating | FURIA vs Falcons | Inferno | Grand Final | IEM Cologne Major 2026,"Jun 28, 2026",1951,0
2026-05-11,_ICRj3i6uiQ,NiKo | 1.73 Rating | FURIA vs Falcons | Inferno | Grand Final | IEM Cologne Major 2026,"Jun 28, 2026",1951,0
2026-05-12,_ICRj3i6uiQ,NiKo | 1.73 Rating | FURIA vs Falcons | Inferno | Grand Final | IEM Cologne Major 2026,"Jun 28, 2026",1951,0
2026-05-13,_ICRj3i6uiQ,NiKo | 1.73 Rating | FURIA vs Falcons | Inferno | Grand Final | IEM Cologne Major 2026,"Jun 28, 2026",1951,0
2026-05-14,_ICRj3i6uiQ,NiKo | 1.73 Rating | FURIA vs Falcons | Inferno | Grand Final | IEM Cologne Major 2026,"Jun 28, 2026",1951,0
2026-05-15,_ICRj3i6uiQ,NiKo | 1.73 Rating | FURIA vs Falcons | Inferno | Grand Final | IEM Cologne Major 2026,"Jun 28, 2026",1951,0
2026-05-16,_ICRj3i6uiQ,NiKo | 1.73 Rating | FURIA vs Falcons | Inferno | Grand Final | IEM Cologne Major 2026,"Jun 28, 2026",1951,0
2026-05-17,_ICRj3i6uiQ,NiKo | 1.73 Rating | FURIA vs Falcons | Inferno | Grand Final | IEM Cologne Major 2026,"Jun 28, 2026",1951,0
2026-05-18,_ICRj3i6uiQ,NiKo | 1.73 Rating | FURIA vs Falcons | Inferno | Grand Final | IEM Cologne Major 2026,"Jun 28, 2026",1951,0
2026-05-19,_ICRj3i6uiQ,NiKo | 1.73 Rating | FURIA vs Falcons | Inferno | Grand Final | IEM Cologne Major 2026,"Jun 28, 2026",1951,0
2026-05-20,_ICRj3i6uiQ,NiKo | 1.73 Rating | FURIA vs Falcons | Inferno | Grand Final | IEM Cologne Major 2026,"Jun 28, 2026",1951,0
2026-05-21,_ICRj3i6uiQ,NiKo | 1.73 Rating | FURIA vs Falcons | Inferno | Grand Final | IEM Cologne Major 2026,"Jun 28, 2026",1951,0
2026-05-22,_ICRj3i6uiQ,NiKo | 1.73 Rating | FURIA vs Falcons | Inferno | Grand Final | IEM Cologne Major 2026,"Jun 28, 2026",1951,0
2026-05-23,_ICRj3i6uiQ,NiKo | 1.73 Rating | FURIA vs Falcons | Inferno | Grand Final | IEM Cologne Major 2026,"Jun 28, 2026",1951,0
2026-05-24,_ICRj3i6uiQ,NiKo | 1.73 Rating | FURIA vs Falcons | Inferno | Grand Final | IEM Cologne Major 2026,"Jun 28, 2026",1951,0
2026-05-25,_ICRj3i6uiQ,NiKo | 1.73 Rating | FURIA vs Falcons | Inferno | Grand Final | IEM Cologne Major 2026,"Jun 28, 2026",1951,0
2026-05-26,_ICRj3i6uiQ,NiKo | 1.73 Rating | FURIA vs Falcons | Inferno | Grand Final | IEM Cologne Major 2026,"Jun 28, 2026",1951,0
2026-05-27,_ICRj3i6uiQ,NiKo | 1.73 Rating | FURIA vs Falcons | Inferno | Grand Final | IEM Cologne Major 2026,"Jun 28, 2026",1951,0
2026-05-28,_ICRj3i6uiQ,NiKo | 1.73 Rating | FURIA vs Falcons | Inferno | Grand Final | IEM Cologne Major 2026,"Jun 28, 2026",1951,0
2026-05-29,_ICRj3i6uiQ,NiKo | 1.73 Rating | FURIA vs Falcons | Inferno | Grand Final | IEM Cologne Major 2026,"Jun 28, 2026",1951,0
2026-05-30,_ICRj3i6uiQ,NiKo | 1.73 Rating | FURIA vs Falcons | Inferno | Grand Final | IEM Cologne Major 2026,"Jun 28, 2026",1951,0
2026-05-31,_ICRj3i6uiQ,NiKo | 1.73 Rating | FURIA vs Falcons | Inferno | Grand Final | IEM Cologne Major 2026,"Jun 28, 2026",1951,0
2026-06-01,_ICRj3i6uiQ,NiKo | 1.73 Rating | FURIA vs Falcons | Inferno | Grand Final | IEM Cologne Major 2026,"Jun 28, 2026",1951,0
2026-06-02,_ICRj3i6uiQ,NiKo | 1.73 Rating | FURIA vs Falcons | Inferno | Grand Final | IEM Cologne Major 2026,"Jun 28, 2026",1951,0
2026-06-03,_ICRj3i6uiQ,NiKo | 1.73 Rating | FURIA vs Falcons | Inferno | Grand Final | IEM Cologne Major 2026,"Jun 28, 2026",1951,0
2026-06-04,_ICRj3i6uiQ,NiKo | 1.73 Rating | FURIA vs Falcons | Inferno | Grand Final | IEM Cologne Major 2026,"Jun 28, 2026",1951,0
2026-06-05,_ICRj3i6uiQ,NiKo | 1.73 Rating | FURIA vs Falcons | Inferno | Grand Final | IEM Cologne Major 2026,"Jun 28, 2026",1951,0
2026-06-06,_ICRj3i6uiQ,NiKo | 1.73 Rating | FURIA vs Falcons | Inferno | Grand Final | IEM Cologne Major 2026,"Jun 28, 2026",1951,0
2026-06-07,_ICRj3i6uiQ,NiKo | 1.73 Rating | FURIA vs Falcons | Inferno | Grand Final | IEM Cologne Major 2026,"Jun 28, 2026",1951,0
2026-06-08,_ICRj3i6uiQ,NiKo | 1.73 Rating | FURIA vs Falcons | Inferno | Grand Final | IEM Cologne Major 2026,"Jun 28, 2026",1951,0
2026-06-09,_ICRj3i6uiQ,NiKo | 1.73 Rating | FURIA vs Falcons | Inferno | Grand Final | IEM Cologne Major 2026,"Jun 28, 2026",1951,0
2026-06-10,_ICRj3i6uiQ,NiKo | 1.73 Rating | FURIA vs Falcons | Inferno | Grand Final | IEM Cologne Major 2026,"Jun 28, 2026",1951,0
2026-06-11,_ICRj3i6uiQ,NiKo | 1.73 Rating | FURIA vs Falcons | Inferno | Grand Final | IEM Cologne Major 2026,"Jun 28, 2026",1951,0
2026-06-12,_ICRj3i6uiQ,NiKo | 1.73 Rating | FURIA vs Falcons | Inferno | Grand Final | IEM Cologne Major 2026,"Jun 28, 2026",1951,0
2026-06-13,_ICRj3i6uiQ,NiKo | 1.73 Rating | FURIA vs Falcons | Inferno | Grand Final | IEM Cologne Major 2026,"Jun 28, 2026",1951,0
2026-06-14,_ICRj3i6uiQ,NiKo | 1.73 Rating | FURIA vs Falcons | Inferno | Grand Final | IEM Cologne Major 2026,"Jun 28, 2026",1951,0
2026-06-15,_ICRj3i6uiQ,NiKo | 1.73 Rating | FURIA vs Falcons | Inferno | Grand Final | IEM Cologne Major 2026,"Jun 28, 2026",1951,0
2026-06-16,_ICRj3i6uiQ,NiKo | 1.73 Rating | FURIA vs Falcons | Inferno | Grand Final | IEM Cologne Major 2026,"Jun 28, 2026",1951,0
2026-06-17,_ICRj3i6uiQ,NiKo | 1.73 Rating | FURIA vs Falcons | Inferno | Grand Final | IEM Cologne Major 2026,"Jun 28, 2026",1951,0
2026-06-18,_ICRj3i6uiQ,NiKo | 1.73 Rating | FURIA vs Falcons | Inferno | Grand Final | IEM Cologne Major 2026,"Jun 28, 2026",1951,0
2026-06-19,_ICRj3i6uiQ,NiKo | 1.73 Rating | FURIA vs Falcons | Inferno | Grand Final | IEM Cologne Major 2026,"Jun 28, 2026",1951,0
2026-06-20,_ICRj3i6uiQ,NiKo | 1.73 Rating | FURIA vs Falcons | Inferno | Grand Final | IEM Cologne Major 2026,"Jun 28, 2026",1951,0
2026-06-21,_ICRj3i6uiQ,NiKo | 1.73 Rating | FURIA vs Falcons | Inferno | Grand Final | IEM Cologne Major 2026,"Jun 28, 2026",1951,0
2026-06-22,_ICRj3i6uiQ,NiKo | 1.73 Rating | FURIA vs Falcons | Inferno | Grand Final | IEM Cologne Major 2026,"Jun 28, 2026",1951,0
2026-06-23,_ICRj3i6uiQ,NiKo | 1.73 Rating | FURIA vs Falcons | Inferno | Grand Final | IEM Cologne Major 2026,"Jun 28, 2026",1951,0
2026-06-24,_ICRj3i6uiQ,NiKo | 1.73 Rating | FURIA vs Falcons | Inferno | Grand Final | IEM Cologne Major 2026,"Jun 28, 2026",1951,0
2026-06-25,_ICRj3i6uiQ,NiKo | 1.73 Rating | FURIA vs Falcons | Inferno | Grand Final | IEM Cologne Major 2026,"Jun 28, 2026",1951,0
2026-06-26,_ICRj3i6uiQ,NiKo | 1.73 Rating | FURIA vs Falcons | Inferno | Grand Final | IEM Cologne Major 2026,"Jun 28, 2026",1951,0
2026-06-27,_ICRj3i6uiQ,NiKo | 1.73 Rating | FURIA vs Falcons | Inferno | Grand Final | IEM Cologne Major 2026,"Jun 28, 2026",1951,0
2026-06-28,_ICRj3i6uiQ,NiKo | 1.73 Rating | FURIA vs Falcons | Inferno | Grand Final | IEM Cologne Major 2026,"Jun 28, 2026",1951,33
2026-06-29,_ICRj3i6uiQ,NiKo | 1.73 Rating | FURIA vs Falcons | Inferno | Grand Final | IEM Cologne Major 2026,"Jun 28, 2026",1951,121
2026-06-30,_ICRj3i6uiQ,NiKo | 1.73 Rating | FURIA vs Falcons | Inferno | Grand Final | IEM Cologne Major 2026,"Jun 28, 2026",1951,678
2026-07-01,_ICRj3i6uiQ,NiKo | 1.73 Rating | FURIA vs Falcons | Inferno | Grand Final | IEM Cologne Major 2026,"Jun 28, 2026",1951,341
2026-07-02,_ICRj3i6uiQ,NiKo | 1.73 Rating | FURIA vs Falcons | Inferno | Grand Final | IEM Cologne Major 2026,"Jun 28, 2026",1951,252
2026-07-03,_ICRj3i6uiQ,NiKo | 1.73 Rating | FURIA vs Falcons | Inferno | Grand Final | IEM Cologne Major 2026,"Jun 28, 2026",1951,254
2026-07-04,_ICRj3i6uiQ,NiKo | 1.73 Rating | FURIA vs Falcons | Inferno | Grand Final | IEM Cologne Major 2026,"Jun 28, 2026",1951,194
2026-07-05,_ICRj3i6uiQ,NiKo | 1.73 Rating | FURIA vs Falcons | Inferno | Grand Final | IEM Cologne Major 2026,"Jun 28, 2026",1951,124
2026-07-06,_ICRj3i6uiQ,NiKo | 1.73 Rating | FURIA vs Falcons | Inferno | Grand Final | IEM Cologne Major 2026,"Jun 28, 2026",1951,74
2026-07-07,_ICRj3i6uiQ,NiKo | 1.73 Rating | FURIA vs Falcons | Inferno | Grand Final | IEM Cologne Major 2026,"Jun 28, 2026",1951,19
2026-07-08,_ICRj3i6uiQ,NiKo | 1.73 Rating | FURIA vs Falcons | Inferno | Grand Final | IEM Cologne Major 2026,"Jun 28, 2026",1951,32
2026-07-09,_ICRj3i6uiQ,NiKo | 1.73 Rating | FURIA vs Falcons | Inferno | Grand Final | IEM Cologne Major 2026,"Jun 28, 2026",1951,46
2026-07-10,_ICRj3i6uiQ,NiKo | 1.73 Rating | FURIA vs Falcons | Inferno | Grand Final | IEM Cologne Major 2026,"Jun 28, 2026",1951,42
2026-07-11,_ICRj3i6uiQ,NiKo | 1.73 Rating | FURIA vs Falcons | Inferno | Grand Final | IEM Cologne Major 2026,"Jun 28, 2026",1951,22
2026-07-12,_ICRj3i6uiQ,NiKo | 1.73 Rating | FURIA vs Falcons | Inferno | Grand Final | IEM Cologne Major 2026,"Jun 28, 2026",1951,28
2026-07-13,_ICRj3i6uiQ,NiKo | 1.73 Rating | FURIA vs Falcons | Inferno | Grand Final | IEM Cologne Major 2026,"Jun 28, 2026",1951,42
2026-07-14,_ICRj3i6uiQ,NiKo | 1.73 Rating | FURIA vs Falcons | Inferno | Grand Final | IEM Cologne Major 2026,"Jun 28, 2026",1951,38
2026-07-15,_ICRj3i6uiQ,NiKo | 1.73 Rating | FURIA vs Falcons | Inferno | Grand Final | IEM Cologne Major 2026,"Jun 28, 2026",1951,58
2026-07-16,_ICRj3i6uiQ,NiKo | 1.73 Rating | FURIA vs Falcons | Inferno | Grand Final | IEM Cologne Major 2026,"Jun 28, 2026",1951,37
2026-07-17,_ICRj3i6uiQ,NiKo | 1.73 Rating | FURIA vs Falcons | Inferno | Grand Final | IEM Cologne Major 2026,"Jun 28, 2026",1951,19
2026-07-18,_ICRj3i6uiQ,NiKo | 1.73 Rating | FURIA vs Falcons | Inferno | Grand Final | IEM Cologne Major 2026,"Jun 28, 2026",1951,20
2026-07-19,_ICRj3i6uiQ,NiKo | 1.73 Rating | FURIA vs Falcons | Inferno | Grand Final | IEM Cologne Major 2026,"Jun 28, 2026",1951,29
2026-07-20,_ICRj3i6uiQ,NiKo | 1.73 Rating | FURIA vs Falcons | Inferno | Grand Final | IEM Cologne Major 2026,"Jun 28, 2026",1951,8
2026-07-21,_ICRj3i6uiQ,NiKo | 1.73 Rating | FURIA vs Falcons | Inferno | Grand Final | IEM Cologne Major 2026,"Jun 28, 2026",1951,3
2026-07-22,_ICRj3i6uiQ,NiKo | 1.73 Rating | FURIA vs Falcons | Inferno | Grand Final | IEM Cologne Major 2026,"Jun 28, 2026",1951,0
2026-07-23,_ICRj3i6uiQ,NiKo | 1.73 Rating | FURIA vs Falcons | Inferno | Grand Final | IEM Cologne Major 2026,"Jun 28, 2026",1951,1
2026-07-24,_ICRj3i6uiQ,NiKo | 1.73 Rating | FURIA vs Falcons | Inferno | Grand Final | IEM Cologne Major 2026,"Jun 28, 2026",1951,0
2026-07-25,_ICRj3i6uiQ,NiKo | 1.73 Rating | FURIA vs Falcons | Inferno | Grand Final | IEM Cologne Major 2026,"Jun 28, 2026",1951,1
2026-07-26,_ICRj3i6uiQ,NiKo | 1.73 Rating | FURIA vs Falcons | Inferno | Grand Final | IEM Cologne Major 2026,"Jun 28, 2026",1951,2
2026-07-27,_ICRj3i6uiQ,NiKo | 1.73 Rating | FURIA vs Falcons | Inferno | Grand Final | IEM Cologne Major 2026,"Jun 28, 2026",1951,5
2026-07-28,_ICRj3i6uiQ,NiKo | 1.73 Rating | FURIA vs Falcons | Inferno | Grand Final | IEM Cologne Major 2026,"Jun 28, 2026",1951,0
2026-07-29,_ICRj3i6uiQ,NiKo | 1.73 Rating | FURIA vs Falcons | Inferno | Grand Final | IEM Cologne Major 2026,"Jun 28, 2026",1951,2
2026-07-30,_ICRj3i6uiQ,NiKo | 1.73 Rating | FURIA vs Falcons | Inferno | Grand Final | IEM Cologne Major 2026,"Jun 28, 2026",1951,0
2026-07-31,_ICRj3i6uiQ,NiKo | 1.73 Rating | FURIA vs Falcons | Inferno | Grand Final | IEM Cologne Major 2026,"Jun 28, 2026",1951,0
2026-08-01,_ICRj3i6uiQ,NiKo | 1.73 Rating | FURIA vs Falcons | Inferno | Grand Final | IEM Cologne Major 2026,"Jun 28, 2026",1951,0
2026-08-02,_ICRj3i6uiQ,NiKo | 1.73 Rating | FURIA vs Falcons | Inferno | Grand Final | IEM Cologne Major 2026,"Jun 28, 2026",1951,0
2026-08-03,_ICRj3i6uiQ,NiKo | 1.73 Rating | FURIA vs Falcons | Inferno | Grand Final | IEM Cologne Major 2026,"Jun 28, 2026",1951,0
2026-08-04,_ICRj3i6uiQ,NiKo | 1.73 Rating | FURIA vs Falcons | Inferno | Grand Final | IEM Cologne Major 2026,"Jun 28, 2026",1951,0
2026-08-05,_ICRj3i6uiQ,NiKo | 1.73 Rating | FURIA vs Falcons | Inferno | Grand Final | IEM Cologne Major 2026,"Jun 28, 2026",1951,1
2026-08-06,_ICRj3i6uiQ,NiKo | 1.73 Rating | FURIA vs Falcons | Inferno | Grand Final | IEM Cologne Major 2026,"Jun 28, 2026",1951,1
2026-08-07,_ICRj3i6uiQ,NiKo | 1.73 Rating | FURIA vs Falcons | Inferno | Grand Final | IEM Cologne Major 2026,"Jun 28, 2026",1951,1
2026-08-08,_ICRj3i6uiQ,NiKo | 1.73 Rating | FURIA vs Falcons | Inferno | Grand Final | IEM Cologne Major 2026,"Jun 28, 2026",1951,2
2026-08-09,_ICRj3i6uiQ,NiKo | 1.73 Rating | FURIA vs Falcons | Inferno | Grand Final | IEM Cologne Major 2026,"Jun 28, 2026",1951,10
2026-08-10,_ICRj3i6uiQ,NiKo | 1.73 Rating | FURIA vs Falcons | Inferno | Grand Final | IEM Cologne Major 2026,"Jun 28, 2026",1951,3
2026-08-11,_ICRj3i6uiQ,NiKo | 1.73 Rating | FURIA vs Falcons | Inferno | Grand Final | IEM Cologne Major 2026,"Jun 28, 2026",1951,0
2026-08-12,_ICRj3i6uiQ,NiKo | 1.73 Rating | FURIA vs Falcons | Inferno | Grand Final | IEM Cologne Major 2026,"Jun 28, 2026",1951,4
2026-08-13,_ICRj3i6uiQ,NiKo | 1.73 Rating | FURIA vs Falcons | Inferno | Grand Final | IEM Cologne Major 2026,"Jun 28, 2026",1951,1
2026-08-14,_ICRj3i6uiQ,NiKo | 1.73 Rating | FURIA vs Falcons | Inferno | Grand Final | IEM Cologne Major 2026,"Jun 28, 2026",1951,0
2026-08-15,_ICRj3i6uiQ,NiKo | 1.73 Rating | FURIA vs Falcons | Inferno | Grand Final | IEM Cologne Major 2026,"Jun 28, 2026",1951,0
2026-08-16,_ICRj3i6uiQ,NiKo | 1.73 Rating | FURIA vs Falcons | Inferno | Grand Final | IEM Cologne Major 2026,"Jun 28, 2026",1951,9
2026-08-17,_ICRj3i6uiQ,NiKo | 1.73 Rating | FURIA vs Falcons | Inferno | Grand Final | IEM Cologne Major 2026,"Jun 28, 2026",1951,6
2026-08-18,_ICRj3i6uiQ,NiKo | 1.73 Rating | FURIA vs Falcons | Inferno | Grand Final | IEM Cologne Major 2026,"Jun 28, 2026",1951,3
2026-08-19,_ICRj3i6uiQ,NiKo | 1.73 Rating | FURIA vs Falcons | Inferno | Grand Final | IEM Cologne Major 2026,"Jun 28, 2026",1951,2
2026-08-20,_ICRj3i6uiQ,NiKo | 1.73 Rating | FURIA vs Falcons | Inferno | Grand Final | IEM Cologne Major 2026,"Jun 28, 2026",1951,0
2026-08-21,_ICRj3i6uiQ,NiKo | 1.73 Rating | FURIA vs Falcons | Inferno | Grand Final | IEM Cologne Major 2026,"Jun 28, 2026",1951,2
2026-08-22,_ICRj3i6uiQ,NiKo | 1.73 Rating | FURIA vs Falcons | Inferno | Grand Final | IEM Cologne Major 2026,"Jun 28, 2026",1951,0
2026-08-23,_ICRj3i6uiQ,NiKo | 1.73 Rating | FURIA vs Falcons | Inferno | Grand Final | IEM Cologne Major 2026,"Jun 28, 2026",1951,0
2026-08-24,_ICRj3i6uiQ,NiKo | 1.73 Rating | FURIA vs Falcons | Inferno | Grand Final | IEM Cologne Major 2026,"Jun 28, 2026",1951,0
2026-08-25,_ICRj3i6uiQ,NiKo | 1.73 Rating | FURIA vs Falcons | Inferno | Grand Final | IEM Cologne Major 2026,"Jun 28, 2026",1951,0
2026-08-26,_ICRj3i6uiQ,NiKo | 1.73 Rating | FURIA vs Falcons | Inferno | Grand Final | IEM Cologne Major 2026,"Jun 28, 2026",1951,0
2026-08-27,_ICRj3i6uiQ,NiKo | 1.73 Rating | FURIA vs Falcons | Inferno | Grand Final | IEM Cologne Major 2026,"Jun 28, 2026",1951,0
2026-08-28,_ICRj3i6uiQ,NiKo | 1.73 Rating | FURIA vs Falcons | Inferno | Grand Final | IEM Cologne Major 2026,"Jun 28, 2026",1951,0
2026-08-29,_ICRj3i6uiQ,NiKo | 1.73 Rating | FURIA vs Falcons | Inferno | Grand Final | IEM Cologne Major 2026,"Jun 28, 2026",1951,2
2026-08-30,_ICRj3i6uiQ,NiKo | 1.73 Rating | FURIA vs Falcons | Inferno | Grand Final | IEM Cologne Major 2026,"Jun 28, 2026",1951,1
2026-08-31,_ICRj3i6uiQ,NiKo | 1.73 Rating | FURIA vs Falcons | Inferno | Grand Final | IEM Cologne Major 2026,"Jun 28, 2026",1951,1
2026-09-01,_ICRj3i6uiQ,NiKo | 1.73 Rating | FURIA vs Falcons | Inferno | Grand Final | IEM Cologne Major 2026,"Jun 28, 2026",1951,0
2026-09-02,_ICRj3i6uiQ,NiKo | 1.73 Rating | FURIA vs Falcons | Inferno | Grand Final | IEM Cologne Major 2026,"Jun 28, 2026",1951,0
2026-09-03,_ICRj3i6uiQ,NiKo | 1.73 Rating | FURIA vs Falcons | Inferno | Grand Final | IEM Cologne Major 2026,"Jun 28, 2026",1951,0
2026-09-04,_ICRj3i6uiQ,NiKo | 1.73 Rating | FURIA vs Falcons | Inferno | Grand Final | IEM Cologne Major 2026,"Jun 28, 2026",1951,0
2026-09-05,_ICRj3i6uiQ,NiKo | 1.73 Rating | FURIA vs Falcons | Inferno | Grand Final | IEM Cologne Major 2026,"Jun 28, 2026",1951,0
2026-09-06,_ICRj3i6uiQ,NiKo | 1.73 Rating | FURIA vs Falcons | Inferno | Grand Final | IEM Cologne Major 2026,"Jun 28, 2026",1951,0
2026-09-07,_ICRj3i6uiQ,NiKo | 1.73 Rating | FURIA vs Falcons | Inferno | Grand Final | IEM Cologne Major 2026,"Jun 28, 2026",1951,0
2026-09-08,_ICRj3i6uiQ,NiKo | 1.73 Rating | FURIA vs Falcons | Inferno | Grand Final | IEM Cologne Major 2026,"Jun 28, 2026",1951,0
2026-09-09,_ICRj3i6uiQ,NiKo | 1.73 Rating | FURIA vs Falcons | Inferno | Grand Final | IEM Cologne Major 2026,"Jun 28, 2026",1951,0
2026-09-10,_ICRj3i6uiQ,NiKo | 1.73 Rating | FURIA vs Falcons | Inferno | Grand Final | IEM Cologne Major 2026,"Jun 28, 2026",1951,0
2026-09-11,_ICRj3i6uiQ,NiKo | 1.73 Rating | FURIA vs Falcons | Inferno | Grand Final | IEM Cologne Major 2026,"Jun 28, 2026",1951,0
2026-09-12,_ICRj3i6uiQ,NiKo | 1.73 Rating | FURIA vs Falcons | Inferno | Grand Final | IEM Cologne Major 2026,"Jun 28, 2026",1951,0
2026-09-13,_ICRj3i6uiQ,NiKo | 1.73 Rating | FURIA vs Falcons | Inferno | Grand Final | IEM Cologne Major 2026,"Jun 28, 2026",1951,0
2026-09-14,_ICRj3i6uiQ,NiKo | 1.73 Rating | FURIA vs Falcons | Inferno | Grand Final | IEM Cologne Major 2026,"Jun 28, 2026",1951,0
2026-09-15,_ICRj3i6uiQ,NiKo | 1.73 Rating | FURIA vs Falcons | Inferno | Grand Final | IEM Cologne Major 2026,"Jun 28, 2026",1951,0
2026-09-16,_ICRj3i6uiQ,NiKo | 1.73 Rating | FURIA vs Falcons | Inferno | Grand Final | IEM Cologne Major 2026,"Jun 28, 2026",1951,1
2026-09-17,_ICRj3i6uiQ,NiKo | 1.73 Rating | FURIA vs Falcons | Inferno | Grand Final | IEM Cologne Major 2026,"Jun 28, 2026",1951,0
2026-09-18,_ICRj3i6uiQ,NiKo | 1.73 Rating | FURIA vs Falcons | Inferno | Grand Final | IEM Cologne Major 2026,"Jun 28, 2026",1951,0
2026-09-19,_ICRj3i6uiQ,NiKo | 1.73 Rating | FURIA vs Falcons | Inferno | Grand Final | IEM Cologne Major 2026,"Jun 28, 2026",1951,0
2026-09-20,_ICRj3i6uiQ,NiKo | 1.73 Rating | FURIA vs Falcons | Inferno | Grand Final | IEM Cologne Major 2026,"Jun 28, 2026",1951,0
2026-09-21,_ICRj3i6uiQ,NiKo | 1.73 Rating | FURIA vs Falcons | Inferno | Grand Final | IEM Cologne Major 2026,"Jun 28, 2026",1951,0
2026-09-22,_ICRj3i6uiQ,NiKo | 1.73 Rating | FURIA vs Falcons | Inferno | Grand Final | IEM Cologne Major 2026,"Jun 28, 2026",1951,1
2026-09-23,_ICRj3i6uiQ,NiKo | 1.73 Rating | FURIA vs Falcons | Inferno | Grand Final | IEM Cologne Major 2026,"Jun 28, 2026",1951,0
2025-09-24,lmZtKjzyYho,kyousuke | 1.44 Rating | Spirit vs Falcons | Dust2 | Semi-final | IEM Cologne Major 2026,"Jun 23, 2026",2296,0
2025-09-25,lmZtKjzyYho,kyousuke | 1.44 Rating | Spirit vs Falcons | Dust2 | Semi-final | IEM Cologne Major 2026,"Jun 23, 2026",2296,0
2025-09-26,lmZtKjzyYho,kyousuke | 1.44 Rating | Spirit vs Falcons | Dust2 | Semi-final | IEM Cologne Major 2026,"Jun 23, 2026",2296,0
2025-09-27,lmZtKjzyYho,kyousuke | 1.44 Rating | Spirit vs Falcons | Dust2 | Semi-final | IEM Cologne Major 2026,"Jun 23, 2026",2296,0
2025-09-28,lmZtKjzyYho,kyousuke | 1.44 Rating | Spirit vs Falcons | Dust2 | Semi-final | IEM Cologne Major 2026,"Jun 23, 2026",2296,0
2025-09-29,lmZtKjzyYho,kyousuke | 1.44 Rating | Spirit vs Falcons | Dust2 | Semi-final | IEM Cologne Major 2026,"Jun 23, 2026",2296,0
2025-09-30,lmZtKjzyYho,kyousuke | 1.44 Rating | Spirit vs Falcons | Dust2 | Semi-final | IEM Cologne Major 2026,"Jun 23, 2026",2296,0
2025-10-01,lmZtKjzyYho,kyousuke | 1.44 Rating | Spirit vs Falcons | Dust2 | Semi-final | IEM Cologne Major 2026,"Jun 23, 2026",2296,0
2025-10-02,lmZtKjzyYho,kyousuke | 1.44 Rating | Spirit vs Falcons | Dust2 | Semi-final | IEM Cologne Major 2026,"Jun 23, 2026",2296,0
2025-10-03,lmZtKjzyYho,kyousuke | 1.44 Rating | Spirit vs Falcons | Dust2 | Semi-final | IEM Cologne Major 2026,"Jun 23, 2026",2296,0
2025-10-04,lmZtKjzyYho,kyousuke | 1.44 Rating | Spirit vs Falcons | Dust2 | Semi-final | IEM Cologne Major 2026,"Jun 23, 2026",2296,0
2025-10-05,lmZtKjzyYho,kyousuke | 1.44 Rating | Spirit vs Falcons | Dust2 | Semi-final | IEM Cologne Major 2026,"Jun 23, 2026",2296,0
2025-10-06,lmZtKjzyYho,kyousuke | 1.44 Rating | Spirit vs Falcons | Dust2 | Semi-final | IEM Cologne Major 2026,"Jun 23, 2026",2296,0
2025-10-07,lmZtKjzyYho,kyousuke | 1.44 Rating | Spirit vs Falcons | Dust2 | Semi-final | IEM Cologne Major 2026,"Jun 23, 2026",2296,0
2025-10-08,lmZtKjzyYho,kyousuke | 1.44 Rating | Spirit vs Falcons | Dust2 | Semi-final | IEM Cologne Major 2026,"Jun 23, 2026",2296,0
2025-10-09,lmZtKjzyYho,kyousuke | 1.44 Rating | Spirit vs Falcons | Dust2 | Semi-final | IEM Cologne Major 2026,"Jun 23, 2026",2296,0
2025-10-10,lmZtKjzyYho,kyousuke | 1.44 Rating | Spirit vs Falcons | Dust2 | Semi-final | IEM Cologne Major 2026,"Jun 23, 2026",2296,0
2025-10-11,lmZtKjzyYho,kyousuke | 1.44 Rating | Spirit vs Falcons | Dust2 | Semi-final | IEM Cologne Major 2026,"Jun 23, 2026",2296,0
2025-10-12,lmZtKjzyYho,kyousuke | 1.44 Rating | Spirit vs Falcons | Dust2 | Semi-final | IEM Cologne Major 2026,"Jun 23, 2026",2296,0
2025-10-13,lmZtKjzyYho,kyousuke | 1.44 Rating | Spirit vs Falcons | Dust2 | Semi-final | IEM Cologne Major 2026,"Jun 23, 2026",2296,0
2025-10-14,lmZtKjzyYho,kyousuke | 1.44 Rating | Spirit vs Falcons | Dust2 | Semi-final | IEM Cologne Major 2026,"Jun 23, 2026",2296,0
2025-10-15,lmZtKjzyYho,kyousuke | 1.44 Rating | Spirit vs Falcons | Dust2 | Semi-final | IEM Cologne Major 2026,"Jun 23, 2026",2296,0
2025-10-16,lmZtKjzyYho,kyousuke | 1.44 Rating | Spirit vs Falcons | Dust2 | Semi-final | IEM Cologne Major 2026,"Jun 23, 2026",2296,0
2025-10-17,lmZtKjzyYho,kyousuke | 1.44 Rating | Spirit vs Falcons | Dust2 | Semi-final | IEM Cologne Major 2026,"Jun 23, 2026",2296,0
2025-10-18,lmZtKjzyYho,kyousuke | 1.44 Rating | Spirit vs Falcons | Dust2 | Semi-final | IEM Cologne Major 2026,"Jun 23, 2026",2296,0
2025-10-19,lmZtKjzyYho,kyousuke | 1.44 Rating | Spirit vs Falcons | Dust2 | Semi-final | IEM Cologne Major 2026,"Jun 23, 2026",2296,0
2025-10-20,lmZtKjzyYho,kyousuke | 1.44 Rating | Spirit vs Falcons | Dust2 | Semi-final | IEM Cologne Major 2026,"Jun 23, 2026",2296,0
2025-10-21,lmZtKjzyYho,kyousuke | 1.44 Rating | Spirit vs Falcons | Dust2 | Semi-final | IEM Cologne Major 2026,"Jun 23, 2026",2296,0
2025-10-22,lmZtKjzyYho,kyousuke | 1.44 Rating | Spirit vs Falcons | Dust2 | Semi-final | IEM Cologne Major 2026,"Jun 23, 2026",2296,0
2025-10-23,lmZtKjzyYho,kyousuke | 1.44 Rating | Spirit vs Falcons | Dust2 | Semi-final | IEM Cologne Major 2026,"Jun 23, 2026",2296,0
2025-10-24,lmZtKjzyYho,kyousuke | 1.44 Rating | Spirit vs Falcons | Dust2 | Semi-final | IEM Cologne Major 2026,"Jun 23, 2026",2296,0
2025-10-25,lmZtKjzyYho,kyousuke | 1.44 Rating | Spirit vs Falcons | Dust2 | Semi-final | IEM Cologne Major 2026,"Jun 23, 2026",2296,0
2025-10-26,lmZtKjzyYho,kyousuke | 1.44 Rating | Spirit vs Falcons | Dust2 | Semi-final | IEM Cologne Major 2026,"Jun 23, 2026",2296,0
2025-10-27,lmZtKjzyYho,kyousuke | 1.44 Rating | Spirit vs Falcons | Dust2 | Semi-final | IEM Cologne Major 2026,"Jun 23, 2026",2296,0
2025-10-28,lmZtKjzyYho,kyousuke | 1.44 Rating | Spirit vs Falcons | Dust2 | Semi-final | IEM Cologne Major 2026,"Jun 23, 2026",2296,0
2025-10-29,lmZtKjzyYho,kyousuke | 1.44 Rating | Spirit vs Falcons | Dust2 | Semi-final | IEM Cologne Major 2026,"Jun 23, 2026",2296,0
2025-10-30,lmZtKjzyYho,kyousuke | 1.44 Rating | Spirit vs Falcons | Dust2 | Semi-final | IEM Cologne Major 2026,"Jun 23, 2026",2296,0
2025-10-31,lmZtKjzyYho,kyousuke | 1.44 Rating | Spirit vs Falcons | Dust2 | Semi-final | IEM Cologne Major 2026,"Jun 23, 2026",2296,0
2025-11-01,lmZtKjzyYho,kyousuke | 1.44 Rating | Spirit vs Falcons | Dust2 | Semi-final | IEM Cologne Major 2026,"Jun 23, 2026",2296,0
2025-11-02,lmZtKjzyYho,kyousuke | 1.44 Rating | Spirit vs Falcons | Dust2 | Semi-final | IEM Cologne Major 2026,"Jun 23, 2026",2296,0
2025-11-03,lmZtKjzyYho,kyousuke | 1.44 Rating | Spirit vs Falcons | Dust2 | Semi-final | IEM Cologne Major 2026,"Jun 23, 2026",2296,0
2025-11-04,lmZtKjzyYho,kyousuke | 1.44 Rating | Spirit vs Falcons | Dust2 | Semi-final | IEM Cologne Major 2026,"Jun 23, 2026",2296,0
2025-11-05,lmZtKjzyYho,kyousuke | 1.44 Rating | Spirit vs Falcons | Dust2 | Semi-final | IEM Cologne Major 2026,"Jun 23, 2026",2296,0
2025-11-06,lmZtKjzyYho,kyousuke | 1.44 Rating | Spirit vs Falcons | Dust2 | Semi-final | IEM Cologne Major 2026,"Jun 23, 2026",2296,0
2025-11-07,lmZtKjzyYho,kyousuke | 1.44 Rating | Spirit vs Falcons | Dust2 | Semi-final | IEM Cologne Major 2026,"Jun 23, 2026",2296,0
2025-11-08,lmZtKjzyYho,kyousuke | 1.44 Rating | Spirit vs Falcons | Dust2 | Semi-final | IEM Cologne Major 2026,"Jun 23, 2026",2296,0
2025-11-09,lmZtKjzyYho,kyousuke | 1.44 Rating | Spirit vs Falcons | Dust2 | Semi-final | IEM Cologne Major 2026,"Jun 23, 2026",2296,0
2025-11-10,lmZtKjzyYho,kyousuke | 1.44 Rating | Spirit vs Falcons | Dust2 | Semi-final | IEM Cologne Major 2026,"Jun 23, 2026",2296,0
2025-11-11,lmZtKjzyYho,kyousuke | 1.44 Rating | Spirit vs Falcons | Dust2 | Semi-final | IEM Cologne Major 2026,"Jun 23, 2026",2296,0
2025-11-12,lmZtKjzyYho,kyousuke | 1.44 Rating | Spirit vs Falcons | Dust2 | Semi-final | IEM Cologne Major 2026,"Jun 23, 2026",2296,0
2025-11-13,lmZtKjzyYho,kyousuke | 1.44 Rating | Spirit vs Falcons | Dust2 | Semi-final | IEM Cologne Major 2026,"Jun 23, 2026",2296,0
2025-11-14,lmZtKjzyYho,kyousuke | 1.44 Rating | Spirit vs Falcons | Dust2 | Semi-final | IEM Cologne Major 2026,"Jun 23, 2026",2296,0
2025-11-15,lmZtKjzyYho,kyousuke | 1.44 Rating | Spirit vs Falcons | Dust2 | Semi-final | IEM Cologne Major 2026,"Jun 23, 2026",2296,0
2025-11-16,lmZtKjzyYho,kyousuke | 1.44 Rating | Spirit vs Falcons | Dust2 | Semi-final | IEM Cologne Major 2026,"Jun 23, 2026",2296,0
2025-11-17,lmZtKjzyYho,kyousuke | 1.44 Rating | Spirit vs Falcons | Dust2 | Semi-final | IEM Cologne Major 2026,"Jun 23, 2026",2296,0
2025-11-18,lmZtKjzyYho,kyousuke | 1.44 Rating | Spirit vs Falcons | Dust2 | Semi-final | IEM Cologne Major 2026,"Jun 23, 2026",2296,0
2025-11-19,lmZtKjzyYho,kyousuke | 1.44 Rating | Spirit vs Falcons | Dust2 | Semi-final | IEM Cologne Major 2026,"Jun 23, 2026",2296,0
2025-11-20,lmZtKjzyYho,kyousuke | 1.44 Rating | Spirit vs Falcons | Dust2 | Semi-final | IEM Cologne Major 2026,"Jun 23, 2026",2296,0
2025-11-21,lmZtKjzyYho,kyousuke | 1.44 Rating | Spirit vs Falcons | Dust2 | Semi-final | IEM Cologne Major 2026,"Jun 23, 2026",2296,0
2025-11-22,lmZtKjzyYho,kyousuke | 1.44 Rating | Spirit vs Falcons | Dust2 | Semi-final | IEM Cologne Major 2026,"Jun 23, 2026",2296,0
2025-11-23,lmZtKjzyYho,kyousuke | 1.44 Rating | Spirit vs Falcons | Dust2 | Semi-final | IEM Cologne Major 2026,"Jun 23, 2026",2296,0
2025-11-24,lmZtKjzyYho,kyousuke | 1.44 Rating | Spirit vs Falcons | Dust2 | Semi-final | IEM Cologne Major 2026,"Jun 23, 2026",2296,0
2025-11-25,lmZtKjzyYho,kyousuke | 1.44 Rating | Spirit vs Falcons | Dust2 | Semi-final | IEM Cologne Major 2026,"Jun 23, 2026",2296,0
2025-11-26,lmZtKjzyYho,kyousuke | 1.44 Rating | Spirit vs Falcons | Dust2 | Semi-final | IEM Cologne Major 2026,"Jun 23, 2026",2296,0
2025-11-27,lmZtKjzyYho,kyousuke | 1.44 Rating | Spirit vs Falcons | Dust2 | Semi-final | IEM Cologne Major 2026,"Jun 23, 2026",2296,0
2025-11-28,lmZtKjzyYho,kyousuke | 1.44 Rating | Spirit vs Falcons | Dust2 | Semi-final | IEM Cologne Major 2026,"Jun 23, 2026",2296,0
2025-11-29,lmZtKjzyYho,kyousuke | 1.44 Rating | Spirit vs Falcons | Dust2 | Semi-final | IEM Cologne Major 2026,"Jun 23, 2026",2296,0
2025-11-30,lmZtKjzyYho,kyousuke | 1.44 Rating | Spirit vs Falcons | Dust2 | Semi-final | IEM Cologne Major 2026,"Jun 23, 2026",2296,0
2025-12-01,lmZtKjzyYho,kyousuke | 1.44 Rating | Spirit vs Falcons | Dust2 | Semi-final | IEM Cologne Major 2026,"Jun 23, 2026",2296,0
2025-12-02,lmZtKjzyYho,kyousuke | 1.44 Rating | Spirit vs Falcons | Dust2 | Semi-final | IEM Cologne Major 2026,"Jun 23, 2026",2296,0
2025-12-03,lmZtKjzyYho,kyousuke | 1.44 Rating | Spirit vs Falcons | Dust2 | Semi-final | IEM Cologne Major 2026,"Jun 23, 2026",2296,0
2025-12-04,lmZtKjzyYho,kyousuke | 1.44 Rating | Spirit vs Falcons | Dust2 | Semi-final | IEM Cologne Major 2026,"Jun 23, 2026",2296,0
2025-12-05,lmZtKjzyYho,kyousuke | 1.44 Rating | Spirit vs Falcons | Dust2 | Semi-final | IEM Cologne Major 2026,"Jun 23, 2026",2296,0
2025-12-06,lmZtKjzyYho,kyousuke | 1.44 Rating | Spirit vs Falcons | Dust2 | Semi-final | IEM Cologne Major 2026,"Jun 23, 2026",2296,0
2025-12-07,lmZtKjzyYho,kyousuke | 1.44 Rating | Spirit vs Falcons | Dust2 | Semi-final | IEM Cologne Major 2026,"Jun 23, 2026",2296,0
2025-12-08,lmZtKjzyYho,kyousuke | 1.44 Rating | Spirit vs Falcons | Dust2 | Semi-final | IEM Cologne Major 2026,"Jun 23, 2026",2296,0
2025-12-09,lmZtKjzyYho,kyousuke | 1.44 Rating | Spirit vs Falcons | Dust2 | Semi-final | IEM Cologne Major 2026,"Jun 23, 2026",2296,0
2025-12-10,lmZtKjzyYho,kyousuke | 1.44 Rating | Spirit vs Falcons | Dust2 | Semi-final | IEM Cologne Major 2026,"Jun 23, 2026",2296,0
2025-12-11,lmZtKjzyYho,kyousuke | 1.44 Rating | Spirit vs Falcons | Dust2 | Semi-final | IEM Cologne Major 2026,"Jun 23, 2026",2296,0
2025-12-12,lmZtKjzyYho,kyousuke | 1.44 Rating | Spirit vs Falcons | Dust2 | Semi-final | IEM Cologne Major 2026,"Jun 23, 2026",2296,0
2025-12-13,lmZtKjzyYho,kyousuke | 1.44 Rating | Spirit vs Falcons | Dust2 | Semi-final | IEM Cologne Major 2026,"Jun 23, 2026",2296,0
2025-12-14,lmZtKjzyYho,kyousuke | 1.44 Rating | Spirit vs Falcons | Dust2 | Semi-final | IEM Cologne Major 2026,"Jun 23, 2026",2296,0
2025-12-15,lmZtKjzyYho,kyousuke | 1.44 Rating | Spirit vs Falcons | Dust2 | Semi-final | IEM Cologne Major 2026,"Jun 23, 2026",2296,0
2025-12-16,lmZtKjzyYho,kyousuke | 1.44 Rating | Spirit vs Falcons | Dust2 | Semi-final | IEM Cologne Major 2026,"Jun 23, 2026",2296,0
2025-12-17,lmZtKjzyYho,kyousuke | 1.44 Rating | Spirit vs Falcons | Dust2 | Semi-final | IEM Cologne Major 2026,"Jun 23, 2026",2296,0
2025-12-18,lmZtKjzyYho,kyousuke | 1.44 Rating | Spirit vs Falcons | Dust2 | Semi-final | IEM Cologne Major 2026,"Jun 23, 2026",2296,0
2025-12-19,lmZtKjzyYho,kyousuke | 1.44 Rating | Spirit vs Falcons | Dust2 | Semi-final | IEM Cologne Major 2026,"Jun 23, 2026",2296,0
2025-12-20,lmZtKjzyYho,kyousuke | 1.44 Rating | Spirit vs Falcons | Dust2 | Semi-final | IEM Cologne Major 2026,"Jun 23, 2026",2296,0
2025-12-21,lmZtKjzyYho,kyousuke | 1.44 Rating | Spirit vs Falcons | Dust2 | Semi-final | IEM Cologne Major 2026,"Jun 23, 2026",2296,0
2025-12-22,lmZtKjzyYho,kyousuke | 1.44 Rating | Spirit vs Falcons | Dust2 | Semi-final | IEM Cologne Major 2026,"Jun 23, 2026",2296,0
2025-12-23,lmZtKjzyYho,kyousuke | 1.44 Rating | Spirit vs Falcons | Dust2 | Semi-final | IEM Cologne Major 2026,"Jun 23, 2026",2296,0
2025-12-24,lmZtKjzyYho,kyousuke | 1.44 Rating | Spirit vs Falcons | Dust2 | Semi-final | IEM Cologne Major 2026,"Jun 23, 2026",2296,0
2025-12-25,lmZtKjzyYho,kyousuke | 1.44 Rating | Spirit vs Falcons | Dust2 | Semi-final | IEM Cologne Major 2026,"Jun 23, 2026",2296,0
2025-12-26,lmZtKjzyYho,kyousuke | 1.44 Rating | Spirit vs Falcons | Dust2 | Semi-final | IEM Cologne Major 2026,"Jun 23, 2026",2296,0
2025-12-27,lmZtKjzyYho,kyousuke | 1.44 Rating | Spirit vs Falcons | Dust2 | Semi-final | IEM Cologne Major 2026,"Jun 23, 2026",2296,0
2025-12-28,lmZtKjzyYho,kyousuke | 1.44 Rating | Spirit vs Falcons | Dust2 | Semi-final | IEM Cologne Major 2026,"Jun 23, 2026",2296,0
2025-12-29,lmZtKjzyYho,kyousuke | 1.44 Rating | Spirit vs Falcons | Dust2 | Semi-final | IEM Cologne Major 2026,"Jun 23, 2026",2296,0
2025-12-30,lmZtKjzyYho,kyousuke | 1.44 Rating | Spirit vs Falcons | Dust2 | Semi-final | IEM Cologne Major 2026,"Jun 23, 2026",2296,0
2025-12-31,lmZtKjzyYho,kyousuke | 1.44 Rating | Spirit vs Falcons | Dust2 | Semi-final | IEM Cologne Major 2026,"Jun 23, 2026",2296,0
2026-01-01,lmZtKjzyYho,kyousuke | 1.44 Rating | Spirit vs Falcons | Dust2 | Semi-final | IEM Cologne Major 2026,"Jun 23, 2026",2296,0
2026-01-02,lmZtKjzyYho,kyousuke | 1.44 Rating | Spirit vs Falcons | Dust2 | Semi-final | IEM Cologne Major 2026,"Jun 23, 2026",2296,0
2026-01-03,lmZtKjzyYho,kyousuke | 1.44 Rating | Spirit vs Falcons | Dust2 | Semi-final | IEM Cologne Major 2026,"Jun 23, 2026",2296,0
2026-01-04,lmZtKjzyYho,kyousuke | 1.44 Rating | Spirit vs Falcons | Dust2 | Semi-final | IEM Cologne Major 2026,"Jun 23, 2026",2296,0
2026-01-05,lmZtKjzyYho,kyousuke | 1.44 Rating | Spirit vs Falcons | Dust2 | Semi-final | IEM Cologne Major 2026,"Jun 23, 2026",2296,0
2026-01-06,lmZtKjzyYho,kyousuke | 1.44 Rating | Spirit vs Falcons | Dust2 | Semi-final | IEM Cologne Major 2026,"Jun 23, 2026",2296,0
2026-01-07,lmZtKjzyYho,kyousuke | 1.44 Rating | Spirit vs Falcons | Dust2 | Semi-final | IEM Cologne Major 2026,"Jun 23, 2026",2296,0
2026-01-08,lmZtKjzyYho,kyousuke | 1.44 Rating | Spirit vs Falcons | Dust2 | Semi-final | IEM Cologne Major 2026,"Jun 23, 2026",2296,0
2026-01-09,lmZtKjzyYho,kyousuke | 1.44 Rating | Spirit vs Falcons | Dust2 | Semi-final | IEM Cologne Major 2026,"Jun 23, 2026",2296,0
2026-01-10,lmZtKjzyYho,kyousuke | 1.44 Rating | Spirit vs Falcons | Dust2 | Semi-final | IEM Cologne Major 2026,"Jun 23, 2026",2296,0
2026-01-11,lmZtKjzyYho,kyousuke | 1.44 Rating | Spirit vs Falcons | Dust2 | Semi-final | IEM Cologne Major 2026,"Jun 23, 2026",2296,0
2026-01-12,lmZtKjzyYho,kyousuke | 1.44 Rating | Spirit vs Falcons | Dust2 | Semi-final | IEM Cologne Major 2026,"Jun 23, 2026",2296,0
2026-01-13,lmZtKjzyYho,kyousuke | 1.44 Rating | Spirit vs Falcons | Dust2 | Semi-final | IEM Cologne Major 2026,"Jun 23, 2026",2296,0
2026-01-14,lmZtKjzyYho,kyousuke | 1.44 Rating | Spirit vs Falcons | Dust2 | Semi-final | IEM Cologne Major 2026,"Jun 23, 2026",2296,0
2026-01-15,lmZtKjzyYho,kyousuke | 1.44 Rating | Spirit vs Falcons | Dust2 | Semi-final | IEM Cologne Major 2026,"Jun 23, 2026",2296,0
2026-01-16,lmZtKjzyYho,kyousuke | 1.44 Rating | Spirit vs Falcons | Dust2 | Semi-final | IEM Cologne Major 2026,"Jun 23, 2026",2296,0
2026-01-17,lmZtKjzyYho,kyousuke | 1.44 Rating | Spirit vs Falcons | Dust2 | Semi-final | IEM Cologne Major 2026,"Jun 23, 2026",2296,0
2026-01-18,lmZtKjzyYho,kyousuke | 1.44 Rating | Spirit vs Falcons | Dust2 | Semi-final | IEM Cologne Major 2026,"Jun 23, 2026",2296,0
2026-01-19,lmZtKjzyYho,kyousuke | 1.44 Rating | Spirit vs Falcons | Dust2 | Semi-final | IEM Cologne Major 2026,"Jun 23, 2026",2296,0
2026-01-20,lmZtKjzyYho,kyousuke | 1.44 Rating | Spirit vs Falcons | Dust2 | Semi-final | IEM Cologne Major 2026,"Jun 23, 2026",2296,0
2026-01-21,lmZtKjzyYho,kyousuke | 1.44 Rating | Spirit vs Falcons | Dust2 | Semi-final | IEM Cologne Major 2026,"Jun 23, 2026",2296,0
2026-01-22,lmZtKjzyYho,kyousuke | 1.44 Rating | Spirit vs Falcons | Dust2 | Semi-final | IEM Cologne Major 2026,"Jun 23, 2026",2296,0
2026-01-23,lmZtKjzyYho,kyousuke | 1.44 Rating | Spirit vs Falcons | Dust2 | Semi-final | IEM Cologne Major 2026,"Jun 23, 2026",2296,0
2026-01-24,lmZtKjzyYho,kyousuke | 1.44 Rating | Spirit vs Falcons | Dust2 | Semi-final | IEM Cologne Major 2026,"Jun 23, 2026",2296,0
2026-01-25,lmZtKjzyYho,kyousuke | 1.44 Rating | Spirit vs Falcons | Dust2 | Semi-final | IEM Cologne Major 2026,"Jun 23, 2026",2296,0
2026-01-26,lmZtKjzyYho,kyousuke | 1.44 Rating | Spirit vs Falcons | Dust2 | Semi-final | IEM Cologne Major 2026,"Jun 23, 2026",2296,0
2026-01-27,lmZtKjzyYho,kyousuke | 1.44 Rating | Spirit vs Falcons | Dust2 | Semi-final | IEM Cologne Major 2026,"Jun 23, 2026",2296,0
2026-01-28,lmZtKjzyYho,kyousuke | 1.44 Rating | Spirit vs Falcons | Dust2 | Semi-final | IEM Cologne Major 2026,"Jun 23, 2026",2296,0
2026-01-29,lmZtKjzyYho,kyousuke | 1.44 Rating | Spirit vs Falcons | Dust2 | Semi-final | IEM Cologne Major 2026,"Jun 23, 2026",2296,0
2026-01-30,lmZtKjzyYho,kyousuke | 1.44 Rating | Spirit vs Falcons | Dust2 | Semi-final | IEM Cologne Major 2026,"Jun 23, 2026",2296,0
2026-01-31,lmZtKjzyYho,kyousuke | 1.44 Rating | Spirit vs Falcons | Dust2 | Semi-final | IEM Cologne Major 2026,"Jun 23, 2026",2296,0
2026-02-01,lmZtKjzyYho,kyousuke | 1.44 Rating | Spirit vs Falcons | Dust2 | Semi-final | IEM Cologne Major 2026,"Jun 23, 2026",2296,0
2026-02-02,lmZtKjzyYho,kyousuke | 1.44 Rating | Spirit vs Falcons | Dust2 | Semi-final | IEM Cologne Major 2026,"Jun 23, 2026",2296,0
2026-02-03,lmZtKjzyYho,kyousuke | 1.44 Rating | Spirit vs Falcons | Dust2 | Semi-final | IEM Cologne Major 2026,"Jun 23, 2026",2296,0
2026-02-04,lmZtKjzyYho,kyousuke | 1.44 Rating | Spirit vs Falcons | Dust2 | Semi-final | IEM Cologne Major 2026,"Jun 23, 2026",2296,0
2026-02-05,lmZtKjzyYho,kyousuke | 1.44 Rating | Spirit vs Falcons | Dust2 | Semi-final | IEM Cologne Major 2026,"Jun 23, 2026",2296,0
2026-02-06,lmZtKjzyYho,kyousuke | 1.44 Rating | Spirit vs Falcons | Dust2 | Semi-final | IEM Cologne Major 2026,"Jun 23, 2026",2296,0
2026-02-07,lmZtKjzyYho,kyousuke | 1.44 Rating | Spirit vs Falcons | Dust2 | Semi-final | IEM Cologne Major 2026,"Jun 23, 2026",2296,0
2026-02-08,lmZtKjzyYho,kyousuke | 1.44 Rating | Spirit vs Falcons | Dust2 | Semi-final | IEM Cologne Major 2026,"Jun 23, 2026",2296,0
2026-02-09,lmZtKjzyYho,kyousuke | 1.44 Rating | Spirit vs Falcons | Dust2 | Semi-final | IEM Cologne Major 2026,"Jun 23, 2026",2296,0
2026-02-10,lmZtKjzyYho,kyousuke | 1.44 Rating | Spirit vs Falcons | Dust2 | Semi-final | IEM Cologne Major 2026,"Jun 23, 2026",2296,0
2026-02-11,lmZtKjzyYho,kyousuke | 1.44 Rating | Spirit vs Falcons | Dust2 | Semi-final | IEM Cologne Major 2026,"Jun 23, 2026",2296,0
2026-02-12,lmZtKjzyYho,kyousuke | 1.44 Rating | Spirit vs Falcons | Dust2 | Semi-final | IEM Cologne Major 2026,"Jun 23, 2026",2296,0
2026-02-13,lmZtKjzyYho,kyousuke | 1.44 Rating | Spirit vs Falcons | Dust2 | Semi-final | IEM Cologne Major 2026,"Jun 23, 2026",2296,0
2026-02-14,lmZtKjzyYho,kyousuke | 1.44 Rating | Spirit vs Falcons | Dust2 | Semi-final | IEM Cologne Major 2026,"Jun 23, 2026",2296,0
2026-02-15,lmZtKjzyYho,kyousuke | 1.44 Rating | Spirit vs Falcons | Dust2 | Semi-final | IEM Cologne Major 2026,"Jun 23, 2026",2296,0
2026-02-16,lmZtKjzyYho,kyousuke | 1.44 Rating | Spirit vs Falcons | Dust2 | Semi-final | IEM Cologne Major 2026,"Jun 23, 2026",2296,0
2026-02-17,lmZtKjzyYho,kyousuke | 1.44 Rating | Spirit vs Falcons | Dust2 | Semi-final | IEM Cologne Major 2026,"Jun 23, 2026",2296,0
2026-02-18,lmZtKjzyYho,kyousuke | 1.44 Rating | Spirit vs Falcons | Dust2 | Semi-final | IEM Cologne Major 2026,"Jun 23, 2026",2296,0
2026-02-19,lmZtKjzyYho,kyousuke | 1.44 Rating | Spirit vs Falcons | Dust2 | Semi-final | IEM Cologne Major 2026,"Jun 23, 2026",2296,0
2026-02-20,lmZtKjzyYho,kyousuke | 1.44 Rating | Spirit vs Falcons | Dust2 | Semi-final | IEM Cologne Major 2026,"Jun 23, 2026",2296,0
2026-02-21,lmZtKjzyYho,kyousuke | 1.44 Rating | Spirit vs Falcons | Dust2 | Semi-final | IEM Cologne Major 2026,"Jun 23, 2026",2296,0
2026-02-22,lmZtKjzyYho,kyousuke | 1.44 Rating | Spirit vs Falcons | Dust2 | Semi-final | IEM Cologne Major 2026,"Jun 23, 2026",2296,0
2026-02-23,lmZtKjzyYho,kyousuke | 1.44 Rating | Spirit vs Falcons | Dust2 | Semi-final | IEM Cologne Major 2026,"Jun 23, 2026",2296,0
2026-02-24,lmZtKjzyYho,kyousuke | 1.44 Rating | Spirit vs Falcons | Dust2 | Semi-final | IEM Cologne Major 2026,"Jun 23, 2026",2296,0
2026-02-25,lmZtKjzyYho,kyousuke | 1.44 Rating | Spirit vs Falcons | Dust2 | Semi-final | IEM Cologne Major 2026,"Jun 23, 2026",2296,0
2026-02-26,lmZtKjzyYho,kyousuke | 1.44 Rating | Spirit vs Falcons | Dust2 | Semi-final | IEM Cologne Major 2026,"Jun 23, 2026",2296,0
2026-02-27,lmZtKjzyYho,kyousuke | 1.44 Rating | Spirit vs Falcons | Dust2 | Semi-final | IEM Cologne Major 2026,"Jun 23, 2026",2296,0
2026-02-28,lmZtKjzyYho,kyousuke | 1.44 Rating | Spirit vs Falcons | Dust2 | Semi-final | IEM Cologne Major 2026,"Jun 23, 2026",2296,0
2026-03-01,lmZtKjzyYho,kyousuke | 1.44 Rating | Spirit vs Falcons | Dust2 | Semi-final | IEM Cologne Major 2026,"Jun 23, 2026",2296,0
2026-03-02,lmZtKjzyYho,kyousuke | 1.44 Rating | Spirit vs Falcons | Dust2 | Semi-final | IEM Cologne Major 2026,"Jun 23, 2026",2296,0
2026-03-03,lmZtKjzyYho,kyousuke | 1.44 Rating | Spirit vs Falcons | Dust2 | Semi-final | IEM Cologne Major 2026,"Jun 23, 2026",2296,0
2026-03-04,lmZtKjzyYho,kyousuke | 1.44 Rating | Spirit vs Falcons | Dust2 | Semi-final | IEM Cologne Major 2026,"Jun 23, 2026",2296,0
2026-03-05,lmZtKjzyYho,kyousuke | 1.44 Rating | Spirit vs Falcons | Dust2 | Semi-final | IEM Cologne Major 2026,"Jun 23, 2026",2296,0
2026-03-06,lmZtKjzyYho,kyousuke | 1.44 Rating | Spirit vs Falcons | Dust2 | Semi-final | IEM Cologne Major 2026,"Jun 23, 2026",2296,0
2026-03-07,lmZtKjzyYho,kyousuke | 1.44 Rating | Spirit vs Falcons | Dust2 | Semi-final | IEM Cologne Major 2026,"Jun 23, 2026",2296,0
2026-03-08,lmZtKjzyYho,kyousuke | 1.44 Rating | Spirit vs Falcons | Dust2 | Semi-final | IEM Cologne Major 2026,"Jun 23, 2026",2296,0
2026-03-09,lmZtKjzyYho,kyousuke | 1.44 Rating | Spirit vs Falcons | Dust2 | Semi-final | IEM Cologne Major 2026,"Jun 23, 2026",2296,0
2026-03-10,lmZtKjzyYho,kyousuke | 1.44 Rating | Spirit vs Falcons | Dust2 | Semi-final | IEM Cologne Major 2026,"Jun 23, 2026",2296,0
2026-03-11,lmZtKjzyYho,kyousuke | 1.44 Rating | Spirit vs Falcons | Dust2 | Semi-final | IEM Cologne Major 2026,"Jun 23, 2026",2296,0
2026-03-12,lmZtKjzyYho,kyousuke | 1.44 Rating | Spirit vs Falcons | Dust2 | Semi-final | IEM Cologne Major 2026,"Jun 23, 2026",2296,0
2026-03-13,lmZtKjzyYho,kyousuke | 1.44 Rating | Spirit vs Falcons | Dust2 | Semi-final | IEM Cologne Major 2026,"Jun 23, 2026",2296,0
2026-03-14,lmZtKjzyYho,kyousuke | 1.44 Rating | Spirit vs Falcons | Dust2 | Semi-final | IEM Cologne Major 2026,"Jun 23, 2026",2296,0
2026-03-15,lmZtKjzyYho,kyousuke | 1.44 Rating | Spirit vs Falcons | Dust2 | Semi-final | IEM Cologne Major 2026,"Jun 23, 2026",2296,0
2026-03-16,lmZtKjzyYho,kyousuke | 1.44 Rating | Spirit vs Falcons | Dust2 | Semi-final | IEM Cologne Major 2026,"Jun 23, 2026",2296,0
2026-03-17,lmZtKjzyYho,kyousuke | 1.44 Rating | Spirit vs Falcons | Dust2 | Semi-final | IEM Cologne Major 2026,"Jun 23, 2026",2296,0
2026-03-18,lmZtKjzyYho,kyousuke | 1.44 Rating | Spirit vs Falcons | Dust2 | Semi-final | IEM Cologne Major 2026,"Jun 23, 2026",2296,0
2026-03-19,lmZtKjzyYho,kyousuke | 1.44 Rating | Spirit vs Falcons | Dust2 | Semi-final | IEM Cologne Major 2026,"Jun 23, 2026",2296,0
2026-03-20,lmZtKjzyYho,kyousuke | 1.44 Rating | Spirit vs Falcons | Dust2 | Semi-final | IEM Cologne Major 2026,"Jun 23, 2026",2296,0
2026-03-21,lmZtKjzyYho,kyousuke | 1.44 Rating | Spirit vs Falcons | Dust2 | Semi-final | IEM Cologne Major 2026,"Jun 23, 2026",2296,0
2026-03-22,lmZtKjzyYho,kyousuke | 1.44 Rating | Spirit vs Falcons | Dust2 | Semi-final | IEM Cologne Major 2026,"Jun 23, 2026",2296,0
2026-03-23,lmZtKjzyYho,kyousuke | 1.44 Rating | Spirit vs Falcons | Dust2 | Semi-final | IEM Cologne Major 2026,"Jun 23, 2026",2296,0
2026-03-24,lmZtKjzyYho,kyousuke | 1.44 Rating | Spirit vs Falcons | Dust2 | Semi-final | IEM Cologne Major 2026,"Jun 23, 2026",2296,0
2026-03-25,lmZtKjzyYho,kyousuke | 1.44 Rating | Spirit vs Falcons | Dust2 | Semi-final | IEM Cologne Major 2026,"Jun 23, 2026",2296,0
2026-03-26,lmZtKjzyYho,kyousuke | 1.44 Rating | Spirit vs Falcons | Dust2 | Semi-final | IEM Cologne Major 2026,"Jun 23, 2026",2296,0
2026-03-27,lmZtKjzyYho,kyousuke | 1.44 Rating | Spirit vs Falcons | Dust2 | Semi-final | IEM Cologne Major 2026,"Jun 23, 2026",2296,0
2026-03-28,lmZtKjzyYho,kyousuke | 1.44 Rating | Spirit vs Falcons | Dust2 | Semi-final | IEM Cologne Major 2026,"Jun 23, 2026",2296,0
2026-03-29,lmZtKjzyYho,kyousuke | 1.44 Rating | Spirit vs Falcons | Dust2 | Semi-final | IEM Cologne Major 2026,"Jun 23, 2026",2296,0
2026-03-30,lmZtKjzyYho,kyousuke | 1.44 Rating | Spirit vs Falcons | Dust2 | Semi-final | IEM Cologne Major 2026,"Jun 23, 2026",2296,0
2026-03-31,lmZtKjzyYho,kyousuke | 1.44 Rating | Spirit vs Falcons | Dust2 | Semi-final | IEM Cologne Major 2026,"Jun 23, 2026",2296,0
2026-04-01,lmZtKjzyYho,kyousuke | 1.44 Rating | Spirit vs Falcons | Dust2 | Semi-final | IEM Cologne Major 2026,"Jun 23, 2026",2296,0
2026-04-02,lmZtKjzyYho,kyousuke | 1.44 Rating | Spirit vs Falcons | Dust2 | Semi-final | IEM Cologne Major 2026,"Jun 23, 2026",2296,0
2026-04-03,lmZtKjzyYho,kyousuke | 1.44 Rating | Spirit vs Falcons | Dust2 | Semi-final | IEM Cologne Major 2026,"Jun 23, 2026",2296,0
2026-04-04,lmZtKjzyYho,kyousuke | 1.44 Rating | Spirit vs Falcons | Dust2 | Semi-final | IEM Cologne Major 2026,"Jun 23, 2026",2296,0
2026-04-05,lmZtKjzyYho,kyousuke | 1.44 Rating | Spirit vs Falcons | Dust2 | Semi-final | IEM Cologne Major 2026,"Jun 23, 2026",2296,0
2026-04-06,lmZtKjzyYho,kyousuke | 1.44 Rating | Spirit vs Falcons | Dust2 | Semi-final | IEM Cologne Major 2026,"Jun 23, 2026",2296,0
2026-04-07,lmZtKjzyYho,kyousuke | 1.44 Rating | Spirit vs Falcons | Dust2 | Semi-final | IEM Cologne Major 2026,"Jun 23, 2026",2296,0
2026-04-08,lmZtKjzyYho,kyousuke | 1.44 Rating | Spirit vs Falcons | Dust2 | Semi-final | IEM Cologne Major 2026,"Jun 23, 2026",2296,0
2026-04-09,lmZtKjzyYho,kyousuke | 1.44 Rating | Spirit vs Falcons | Dust2 | Semi-final | IEM Cologne Major 2026,"Jun 23, 2026",2296,0
2026-04-10,lmZtKjzyYho,kyousuke | 1.44 Rating | Spirit vs Falcons | Dust2 | Semi-final | IEM Cologne Major 2026,"Jun 23, 2026",2296,0
2026-04-11,lmZtKjzyYho,kyousuke | 1.44 Rating | Spirit vs Falcons | Dust2 | Semi-final | IEM Cologne Major 2026,"Jun 23, 2026",2296,0
2026-04-12,lmZtKjzyYho,kyousuke | 1.44 Rating | Spirit vs Falcons | Dust2 | Semi-final | IEM Cologne Major 2026,"Jun 23, 2026",2296,0
2026-04-13,lmZtKjzyYho,kyousuke | 1.44 Rating | Spirit vs Falcons | Dust2 | Semi-final | IEM Cologne Major 2026,"Jun 23, 2026",2296,0
2026-04-14,lmZtKjzyYho,kyousuke | 1.44 Rating | Spirit vs Falcons | Dust2 | Semi-final | IEM Cologne Major 2026,"Jun 23, 2026",2296,0
2026-04-15,lmZtKjzyYho,kyousuke | 1.44 Rating | Spirit vs Falcons | Dust2 | Semi-final | IEM Cologne Major 2026,"Jun 23, 2026",2296,0
2026-04-16,lmZtKjzyYho,kyousuke | 1.44 Rating | Spirit vs Falcons | Dust2 | Semi-final | IEM Cologne Major 2026,"Jun 23, 2026",2296,0
2026-04-17,lmZtKjzyYho,kyousuke | 1.44 Rating | Spirit vs Falcons | Dust2 | Semi-final | IEM Cologne Major 2026,"Jun 23, 2026",2296,0
2026-04-18,lmZtKjzyYho,kyousuke | 1.44 Rating | Spirit vs Falcons | Dust2 | Semi-final | IEM Cologne Major 2026,"Jun 23, 2026",2296,0
2026-04-19,lmZtKjzyYho,kyousuke | 1.44 Rating | Spirit vs Falcons | Dust2 | Semi-final | IEM Cologne Major 2026,"Jun 23, 2026",2296,0
2026-04-20,lmZtKjzyYho,kyousuke | 1.44 Rating | Spirit vs Falcons | Dust2 | Semi-final | IEM Cologne Major 2026,"Jun 23, 2026",2296,0
2026-04-21,lmZtKjzyYho,kyousuke | 1.44 Rating | Spirit vs Falcons | Dust2 | Semi-final | IEM Cologne Major 2026,"Jun 23, 2026",2296,0
2026-04-22,lmZtKjzyYho,kyousuke | 1.44 Rating | Spirit vs Falcons | Dust2 | Semi-final | IEM Cologne Major 2026,"Jun 23, 2026",2296,0
2026-04-23,lmZtKjzyYho,kyousuke | 1.44 Rating | Spirit vs Falcons | Dust2 | Semi-final | IEM Cologne Major 2026,"Jun 23, 2026",2296,0
2026-04-24,lmZtKjzyYho,kyousuke | 1.44 Rating | Spirit vs Falcons | Dust2 | Semi-final | IEM Cologne Major 2026,"Jun 23, 2026",2296,0
2026-04-25,lmZtKjzyYho,kyousuke | 1.44 Rating | Spirit vs Falcons | Dust2 | Semi-final | IEM Cologne Major 2026,"Jun 23, 2026",2296,0
2026-04-26,lmZtKjzyYho,kyousuke | 1.44 Rating | Spirit vs Falcons | Dust2 | Semi-final | IEM Cologne Major 2026,"Jun 23, 2026",2296,0
2026-04-27,lmZtKjzyYho,kyousuke | 1.44 Rating | Spirit vs Falcons | Dust2 | Semi-final | IEM Cologne Major 2026,"Jun 23, 2026",2296,0
2026-04-28,lmZtKjzyYho,kyousuke | 1.44 Rating | Spirit vs Falcons | Dust2 | Semi-final | IEM Cologne Major 2026,"Jun 23, 2026",2296,0
2026-04-29,lmZtKjzyYho,kyousuke | 1.44 Rating | Spirit vs Falcons | Dust2 | Semi-final | IEM Cologne Major 2026,"Jun 23, 2026",2296,0
2026-04-30,lmZtKjzyYho,kyousuke | 1.44 Rating | Spirit vs Falcons | Dust2 | Semi-final | IEM Cologne Major 2026,"Jun 23, 2026",2296,0
2026-05-01,lmZtKjzyYho,kyousuke | 1.44 Rating | Spirit vs Falcons | Dust2 | Semi-final | IEM Cologne Major 2026,"Jun 23, 2026",2296,0
2026-05-02,lmZtKjzyYho,kyousuke | 1.44 Rating | Spirit vs Falcons | Dust2 | Semi-final | IEM Cologne Major 2026,"Jun 23, 2026",2296,0
2026-05-03,lmZtKjzyYho,kyousuke | 1.44 Rating | Spirit vs Falcons | Dust2 | Semi-final | IEM Cologne Major 2026,"Jun 23, 2026",2296,0
2026-05-04,lmZtKjzyYho,kyousuke | 1.44 Rating | Spirit vs Falcons | Dust2 | Semi-final | IEM Cologne Major 2026,"Jun 23, 2026",2296,0
2026-05-05,lmZtKjzyYho,kyousuke | 1.44 Rating | Spirit vs Falcons | Dust2 | Semi-final | IEM Cologne Major 2026,"Jun 23, 2026",2296,0
2026-05-06,lmZtKjzyYho,kyousuke | 1.44 Rating | Spirit vs Falcons | Dust2 | Semi-final | IEM Cologne Major 2026,"Jun 23, 2026",2296,0
2026-05-07,lmZtKjzyYho,kyousuke | 1.44 Rating | Spirit vs Falcons | Dust2 | Semi-final | IEM Cologne Major 2026,"Jun 23, 2026",2296,0
2026-05-08,lmZtKjzyYho,kyousuke | 1.44 Rating | Spirit vs Falcons | Dust2 | Semi-final | IEM Cologne Major 2026,"Jun 23, 2026",2296,0
2026-05-09,lmZtKjzyYho,kyousuke | 1.44 Rating | Spirit vs Falcons | Dust2 | Semi-final | IEM Cologne Major 2026,"Jun 23, 2026",2296,0
2026-05-10,lmZtKjzyYho,kyousuke | 1.44 Rating | Spirit vs Falcons | Dust2 | Semi-final | IEM Cologne Major 2026,"Jun 23, 2026",2296,0
2026-05-11,lmZtKjzyYho,kyousuke | 1.44 Rating | Spirit vs Falcons | Dust2 | Semi-final | IEM Cologne Major 2026,"Jun 23, 2026",2296,0
2026-05-12,lmZtKjzyYho,kyousuke | 1.44 Rating | Spirit vs Falcons | Dust2 | Semi-final | IEM Cologne Major 2026,"Jun 23, 2026",2296,0
2026-05-13,lmZtKjzyYho,kyousuke | 1.44 Rating | Spirit vs Falcons | Dust2 | Semi-final | IEM Cologne Major 2026,"Jun 23, 2026",2296,0
2026-05-14,lmZtKjzyYho,kyousuke | 1.44 Rating | Spirit vs Falcons | Dust2 | Semi-final | IEM Cologne Major 2026,"Jun 23, 2026",2296,0
2026-05-15,lmZtKjzyYho,kyousuke | 1.44 Rating | Spirit vs Falcons | Dust2 | Semi-final | IEM Cologne Major 2026,"Jun 23, 2026",2296,0
2026-05-16,lmZtKjzyYho,kyousuke | 1.44 Rating | Spirit vs Falcons | Dust2 | Semi-final | IEM Cologne Major 2026,"Jun 23, 2026",2296,0
2026-05-17,lmZtKjzyYho,kyousuke | 1.44 Rating | Spirit vs Falcons | Dust2 | Semi-final | IEM Cologne Major 2026,"Jun 23, 2026",2296,0
2026-05-18,lmZtKjzyYho,kyousuke | 1.44 Rating | Spirit vs Falcons | Dust2 | Semi-final | IEM Cologne Major 2026,"Jun 23, 2026",2296,0
2026-05-19,lmZtKjzyYho,kyousuke | 1.44 Rating | Spirit vs Falcons | Dust2 | Semi-final | IEM Cologne Major 2026,"Jun 23, 2026",2296,0
2026-05-20,lmZtKjzyYho,kyousuke | 1.44 Rating | Spirit vs Falcons | Dust2 | Semi-final | IEM Cologne Major 2026,"Jun 23, 2026",2296,0
2026-05-21,lmZtKjzyYho,kyousuke | 1.44 Rating | Spirit vs Falcons | Dust2 | Semi-final | IEM Cologne Major 2026,"Jun 23, 2026",2296,0
2026-05-22,lmZtKjzyYho,kyousuke | 1.44 Rating | Spirit vs Falcons | Dust2 | Semi-final | IEM Cologne Major 2026,"Jun 23, 2026",2296,0
2026-05-23,lmZtKjzyYho,kyousuke | 1.44 Rating | Spirit vs Falcons | Dust2 | Semi-final | IEM Cologne Major 2026,"Jun 23, 2026",2296,0
2026-05-24,lmZtKjzyYho,kyousuke | 1.44 Rating | Spirit vs Falcons | Dust2 | Semi-final | IEM Cologne Major 2026,"Jun 23, 2026",2296,0
2026-05-25,lmZtKjzyYho,kyousuke | 1.44 Rating | Spirit vs Falcons | Dust2 | Semi-final | IEM Cologne Major 2026,"Jun 23, 2026",2296,0
2026-05-26,lmZtKjzyYho,kyousuke | 1.44 Rating | Spirit vs Falcons | Dust2 | Semi-final | IEM Cologne Major 2026,"Jun 23, 2026",2296,0
2026-05-27,lmZtKjzyYho,kyousuke | 1.44 Rating | Spirit vs Falcons | Dust2 | Semi-final | IEM Cologne Major 2026,"Jun 23, 2026",2296,0
2026-05-28,lmZtKjzyYho,kyousuke | 1.44 Rating | Spirit vs Falcons | Dust2 | Semi-final | IEM Cologne Major 2026,"Jun 23, 2026",2296,0
2026-05-29,lmZtKjzyYho,kyousuke | 1.44 Rating | Spirit vs Falcons | Dust2 | Semi-final | IEM Cologne Major 2026,"Jun 23, 2026",2296,0
2026-05-30,lmZtKjzyYho,kyousuke | 1.44 Rating | Spirit vs Falcons | Dust2 | Semi-final | IEM Cologne Major 2026,"Jun 23, 2026",2296,0
2026-05-31,lmZtKjzyYho,kyousuke | 1.44 Rating | Spirit vs Falcons | Dust2 | Semi-final | IEM Cologne Major 2026,"Jun 23, 2026",2296,0
2026-06-01,lmZtKjzyYho,kyousuke | 1.44 Rating | Spirit vs Falcons | Dust2 | Semi-final | IEM Cologne Major 2026,"Jun 23, 2026",2296,0
2026-06-02,lmZtKjzyYho,kyousuke | 1.44 Rating | Spirit vs Falcons | Dust2 | Semi-final | IEM Cologne Major 2026,"Jun 23, 2026",2296,0
2026-06-03,lmZtKjzyYho,kyousuke | 1.44 Rating | Spirit vs Falcons | Dust2 | Semi-final | IEM Cologne Major 2026,"Jun 23, 2026",2296,0
2026-06-04,lmZtKjzyYho,kyousuke | 1.44 Rating | Spirit vs Falcons | Dust2 | Semi-final | IEM Cologne Major 2026,"Jun 23, 2026",2296,0
2026-06-05,lmZtKjzyYho,kyousuke | 1.44 Rating | Spirit vs Falcons | Dust2 | Semi-final | IEM Cologne Major 2026,"Jun 23, 2026",2296,0
2026-06-06,lmZtKjzyYho,kyousuke | 1.44 Rating | Spirit vs Falcons | Dust2 | Semi-final | IEM Cologne Major 2026,"Jun 23, 2026",2296,0
2026-06-07,lmZtKjzyYho,kyousuke | 1.44 Rating | Spirit vs Falcons | Dust2 | Semi-final | IEM Cologne Major 2026,"Jun 23, 2026",2296,0
2026-06-08,lmZtKjzyYho,kyousuke | 1.44 Rating | Spirit vs Falcons | Dust2 | Semi-final | IEM Cologne Major 2026,"Jun 23, 2026",2296,0
2026-06-09,lmZtKjzyYho,kyousuke | 1.44 Rating | Spirit vs Falcons | Dust2 | Semi-final | IEM Cologne Major 2026,"Jun 23, 2026",2296,0
2026-06-10,lmZtKjzyYho,kyousuke | 1.44 Rating | Spirit vs Falcons | Dust2 | Semi-final | IEM Cologne Major 2026,"Jun 23, 2026",2296,0
2026-06-11,lmZtKjzyYho,kyousuke | 1.44 Rating | Spirit vs Falcons | Dust2 | Semi-final | IEM Cologne Major 2026,"Jun 23, 2026",2296,0
2026-06-12,lmZtKjzyYho,kyousuke | 1.44 Rating | Spirit vs Falcons | Dust2 | Semi-final | IEM Cologne Major 2026,"Jun 23, 2026",2296,0
2026-06-13,lmZtKjzyYho,kyousuke | 1.44 Rating | Spirit vs Falcons | Dust2 | Semi-final | IEM Cologne Major 2026,"Jun 23, 2026",2296,0
2026-06-14,lmZtKjzyYho,kyousuke | 1.44 Rating | Spirit vs Falcons | Dust2 | Semi-final | IEM Cologne Major 2026,"Jun 23, 2026",2296,0
2026-06-15,lmZtKjzyYho,kyousuke | 1.44 Rating | Spirit vs Falcons | Dust2 | Semi-final | IEM Cologne Major 2026,"Jun 23, 2026",2296,0
2026-06-16,lmZtKjzyYho,kyousuke | 1.44 Rating | Spirit vs Falcons | Dust2 | Semi-final | IEM Cologne Major 2026,"Jun 23, 2026",2296,0
2026-06-17,lmZtKjzyYho,kyousuke | 1.44 Rating | Spirit vs Falcons | Dust2 | Semi-final | IEM Cologne Major 2026,"Jun 23, 2026",2296,0
2026-06-18,lmZtKjzyYho,kyousuke | 1.44 Rating | Spirit vs Falcons | Dust2 | Semi-final | IEM Cologne Major 2026,"Jun 23, 2026",2296,0
2026-06-19,lmZtKjzyYho,kyousuke | 1.44 Rating | Spirit vs Falcons | Dust2 | Semi-final | IEM Cologne Major 2026,"Jun 23, 2026",2296,0
2026-06-20,lmZtKjzyYho,kyousuke | 1.44 Rating | Spirit vs Falcons | Dust2 | Semi-final | IEM Cologne Major 2026,"Jun 23, 2026",2296,0
2026-06-21,lmZtKjzyYho,kyousuke | 1.44 Rating | Spirit vs Falcons | Dust2 | Semi-final | IEM Cologne Major 2026,"Jun 23, 2026",2296,0
2026-06-22,lmZtKjzyYho,kyousuke | 1.44 Rating | Spirit vs Falcons | Dust2 | Semi-final | IEM Cologne Major 2026,"Jun 23, 2026",2296,4
2026-06-23,lmZtKjzyYho,kyousuke | 1.44 Rating | Spirit vs Falcons | Dust2 | Semi-final | IEM Cologne Major 2026,"Jun 23, 2026",2296,12
2026-06-24,lmZtKjzyYho,kyousuke | 1.44 Rating | Spirit vs Falcons | Dust2 | Semi-final | IEM Cologne Major 2026,"Jun 23, 2026",2296,423
2026-06-25,lmZtKjzyYho,kyousuke | 1.44 Rating | Spirit vs Falcons | Dust2 | Semi-final | IEM Cologne Major 2026,"Jun 23, 2026",2296,319
2026-06-26,lmZtKjzyYho,kyousuke | 1.44 Rating | Spirit vs Falcons | Dust2 | Semi-final | IEM Cologne Major 2026,"Jun 23, 2026",2296,290
2026-06-27,lmZtKjzyYho,kyousuke | 1.44 Rating | Spirit vs Falcons | Dust2 | Semi-final | IEM Cologne Major 2026,"Jun 23, 2026",2296,296
2026-06-28,lmZtKjzyYho,kyousuke | 1.44 Rating | Spirit vs Falcons | Dust2 | Semi-final | IEM Cologne Major 2026,"Jun 23, 2026",2296,169
2026-06-29,lmZtKjzyYho,kyousuke | 1.44 Rating | Spirit vs Falcons | Dust2 | Semi-final | IEM Cologne Major 2026,"Jun 23, 2026",2296,152
2026-06-30,lmZtKjzyYho,kyousuke | 1.44 Rating | Spirit vs Falcons | Dust2 | Semi-final | IEM Cologne Major 2026,"Jun 23, 2026",2296,149
2026-07-01,lmZtKjzyYho,kyousuke | 1.44 Rating | Spirit vs Falcons | Dust2 | Semi-final | IEM Cologne Major 2026,"Jun 23, 2026",2296,129
2026-07-02,lmZtKjzyYho,kyousuke | 1.44 Rating | Spirit vs Falcons | Dust2 | Semi-final | IEM Cologne Major 2026,"Jun 23, 2026",2296,95
2026-07-03,lmZtKjzyYho,kyousuke | 1.44 Rating | Spirit vs Falcons | Dust2 | Semi-final | IEM Cologne Major 2026,"Jun 23, 2026",2296,17
2026-07-04,lmZtKjzyYho,kyousuke | 1.44 Rating | Spirit vs Falcons | Dust2 | Semi-final | IEM Cologne Major 2026,"Jun 23, 2026",2296,10
2026-07-05,lmZtKjzyYho,kyousuke | 1.44 Rating | Spirit vs Falcons | Dust2 | Semi-final | IEM Cologne Major 2026,"Jun 23, 2026",2296,10
2026-07-06,lmZtKjzyYho,kyousuke | 1.44 Rating | Spirit vs Falcons | Dust2 | Semi-final | IEM Cologne Major 2026,"Jun 23, 2026",2296,93
2026-07-07,lmZtKjzyYho,kyousuke | 1.44 Rating | Spirit vs Falcons | Dust2 | Semi-final | IEM Cologne Major 2026,"Jun 23, 2026",2296,50
2026-07-08,lmZtKjzyYho,kyousuke | 1.44 Rating | Spirit vs Falcons | Dust2 | Semi-final | IEM Cologne Major 2026,"Jun 23, 2026",2296,63
2026-07-09,lmZtKjzyYho,kyousuke | 1.44 Rating | Spirit vs Falcons | Dust2 | Semi-final | IEM Cologne Major 2026,"Jun 23, 2026",2296,30
2026-07-10,lmZtKjzyYho,kyousuke | 1.44 Rating | Spirit vs Falcons | Dust2 | Semi-final | IEM Cologne Major 2026,"Jun 23, 2026",2296,75
2026-07-11,lmZtKjzyYho,kyousuke | 1.44 Rating | Spirit vs Falcons | Dust2 | Semi-final | IEM Cologne Major 2026,"Jun 23, 2026",2296,56
2026-07-12,lmZtKjzyYho,kyousuke | 1.44 Rating | Spirit vs Falcons | Dust2 | Semi-final | IEM Cologne Major 2026,"Jun 23, 2026",2296,30
2026-07-13,lmZtKjzyYho,kyousuke | 1.44 Rating | Spirit vs Falcons | Dust2 | Semi-final | IEM Cologne Major 2026,"Jun 23, 2026",2296,39
2026-07-14,lmZtKjzyYho,kyousuke | 1.44 Rating | Spirit vs Falcons | Dust2 | Semi-final | IEM Cologne Major 2026,"Jun 23, 2026",2296,47
2026-07-15,lmZtKjzyYho,kyousuke | 1.44 Rating | Spirit vs Falcons | Dust2 | Semi-final | IEM Cologne Major 2026,"Jun 23, 2026",2296,22
2026-07-16,lmZtKjzyYho,kyousuke | 1.44 Rating | Spirit vs Falcons | Dust2 | Semi-final | IEM Cologne Major 2026,"Jun 23, 2026",2296,7
2026-07-17,lmZtKjzyYho,kyousuke | 1.44 Rating | Spirit vs Falcons | Dust2 | Semi-final | IEM Cologne Major 2026,"Jun 23, 2026",2296,6
2026-07-18,lmZtKjzyYho,kyousuke | 1.44 Rating | Spirit vs Falcons | Dust2 | Semi-final | IEM Cologne Major 2026,"Jun 23, 2026",2296,3
2026-07-19,lmZtKjzyYho,kyousuke | 1.44 Rating | Spirit vs Falcons | Dust2 | Semi-final | IEM Cologne Major 2026,"Jun 23, 2026",2296,6
2026-07-20,lmZtKjzyYho,kyousuke | 1.44 Rating | Spirit vs Falcons | Dust2 | Semi-final | IEM Cologne Major 2026,"Jun 23, 2026",2296,0
2026-07-21,lmZtKjzyYho,kyousuke | 1.44 Rating | Spirit vs Falcons | Dust2 | Semi-final | IEM Cologne Major 2026,"Jun 23, 2026",2296,2
2026-07-22,lmZtKjzyYho,kyousuke | 1.44 Rating | Spirit vs Falcons | Dust2 | Semi-final | IEM Cologne Major 2026,"Jun 23, 2026",2296,4
2026-07-23,lmZtKjzyYho,kyousuke | 1.44 Rating | Spirit vs Falcons | Dust2 | Semi-final | IEM Cologne Major 2026,"Jun 23, 2026",2296,1
2026-07-24,lmZtKjzyYho,kyousuke | 1.44 Rating | Spirit vs Falcons | Dust2 | Semi-final | IEM Cologne Major 2026,"Jun 23, 2026",2296,0
2026-07-25,lmZtKjzyYho,kyousuke | 1.44 Rating | Spirit vs Falcons | Dust2 | Semi-final | IEM Cologne Major 2026,"Jun 23, 2026",2296,1
2026-07-26,lmZtKjzyYho,kyousuke | 1.44 Rating | Spirit vs Falcons | Dust2 | Semi-final | IEM Cologne Major 2026,"Jun 23, 2026",2296,1
2026-07-27,lmZtKjzyYho,kyousuke | 1.44 Rating | Spirit vs Falcons | Dust2 | Semi-final | IEM Cologne Major 2026,"Jun 23, 2026",2296,2
2026-07-28,lmZtKjzyYho,kyousuke | 1.44 Rating | Spirit vs Falcons | Dust2 | Semi-final | IEM Cologne Major 2026,"Jun 23, 2026",2296,0
2026-07-29,lmZtKjzyYho,kyousuke | 1.44 Rating | Spirit vs Falcons | Dust2 | Semi-final | IEM Cologne Major 2026,"Jun 23, 2026",2296,4
2026-07-30,lmZtKjzyYho,kyousuke | 1.44 Rating | Spirit vs Falcons | Dust2 | Semi-final | IEM Cologne Major 2026,"Jun 23, 2026",2296,2
2026-07-31,lmZtKjzyYho,kyousuke | 1.44 Rating | Spirit vs Falcons | Dust2 | Semi-final | IEM Cologne Major 2026,"Jun 23, 2026",2296,1
2026-08-01,lmZtKjzyYho,kyousuke | 1.44 Rating | Spirit vs Falcons | Dust2 | Semi-final | IEM Cologne Major 2026,"Jun 23, 2026",2296,4
2026-08-02,lmZtKjzyYho,kyousuke | 1.44 Rating | Spirit vs Falcons | Dust2 | Semi-final | IEM Cologne Major 2026,"Jun 23, 2026",2296,19
2026-08-03,lmZtKjzyYho,kyousuke | 1.44 Rating | Spirit vs Falcons | Dust2 | Semi-final | IEM Cologne Major 2026,"Jun 23, 2026",2296,4
2026-08-04,lmZtKjzyYho,kyousuke | 1.44 Rating | Spirit vs Falcons | Dust2 | Semi-final | IEM Cologne Major 2026,"Jun 23, 2026",2296,12
2026-08-05,lmZtKjzyYho,kyousuke | 1.44 Rating | Spirit vs Falcons | Dust2 | Semi-final | IEM Cologne Major 2026,"Jun 23, 2026",2296,8
2026-08-06,lmZtKjzyYho,kyousuke | 1.44 Rating | Spirit vs Falcons | Dust2 | Semi-final | IEM Cologne Major 2026,"Jun 23, 2026",2296,1
2026-08-07,lmZtKjzyYho,kyousuke | 1.44 Rating | Spirit vs Falcons | Dust2 | Semi-final | IEM Cologne Major 2026,"Jun 23, 2026",2296,0
2026-08-08,lmZtKjzyYho,kyousuke | 1.44 Rating | Spirit vs Falcons | Dust2 | Semi-final | IEM Cologne Major 2026,"Jun 23, 2026",2296,0
2026-08-09,lmZtKjzyYho,kyousuke | 1.44 Rating | Spirit vs Falcons | Dust2 | Semi-final | IEM Cologne Major 2026,"Jun 23, 2026",2296,0
2026-08-10,lmZtKjzyYho,kyousuke | 1.44 Rating | Spirit vs Falcons | Dust2 | Semi-final | IEM Cologne Major 2026,"Jun 23, 2026",2296,0
2026-08-11,lmZtKjzyYho,kyousuke | 1.44 Rating | Spirit vs Falcons | Dust2 | Semi-final | IEM Cologne Major 2026,"Jun 23, 2026",2296,1
2026-08-12,lmZtKjzyYho,kyousuke | 1.44 Rating | Spirit vs Falcons | Dust2 | Semi-final | IEM Cologne Major 2026,"Jun 23, 2026",2296,0
2026-08-13,lmZtKjzyYho,kyousuke | 1.44 Rating | Spirit vs Falcons | Dust2 | Semi-final | IEM Cologne Major 2026,"Jun 23, 2026",2296,1
2026-08-14,lmZtKjzyYho,kyousuke | 1.44 Rating | Spirit vs Falcons | Dust2 | Semi-final | IEM Cologne Major 2026,"Jun 23, 2026",2296,1
2026-08-15,lmZtKjzyYho,kyousuke | 1.44 Rating | Spirit vs Falcons | Dust2 | Semi-final | IEM Cologne Major 2026,"Jun 23, 2026",2296,2
2026-08-16,lmZtKjzyYho,kyousuke | 1.44 Rating | Spirit vs Falcons | Dust2 | Semi-final | IEM Cologne Major 2026,"Jun 23, 2026",2296,0
2026-08-17,lmZtKjzyYho,kyousuke | 1.44 Rating | Spirit vs Falcons | Dust2 | Semi-final | IEM Cologne Major 2026,"Jun 23, 2026",2296,1
2026-08-18,lmZtKjzyYho,kyousuke | 1.44 Rating | Spirit vs Falcons | Dust2 | Semi-final | IEM Cologne Major 2026,"Jun 23, 2026",2296,1
2026-08-19,lmZtKjzyYho,kyousuke | 1.44 Rating | Spirit vs Falcons | Dust2 | Semi-final | IEM Cologne Major 2026,"Jun 23, 2026",2296,0
2026-08-20,lmZtKjzyYho,kyousuke | 1.44 Rating | Spirit vs Falcons | Dust2 | Semi-final | IEM Cologne Major 2026,"Jun 23, 2026",2296,0
2026-08-21,lmZtKjzyYho,kyousuke | 1.44 Rating | Spirit vs Falcons | Dust2 | Semi-final | IEM Cologne Major 2026,"Jun 23, 2026",2296,0
2026-08-22,lmZtKjzyYho,kyousuke | 1.44 Rating | Spirit vs Falcons | Dust2 | Semi-final | IEM Cologne Major 2026,"Jun 23, 2026",2296,2
2026-08-23,lmZtKjzyYho,kyousuke | 1.44 Rating | Spirit vs Falcons | Dust2 | Semi-final | IEM Cologne Major 2026,"Jun 23, 2026",2296,0
2026-08-24,lmZtKjzyYho,kyousuke | 1.44 Rating | Spirit vs Falcons | Dust2 | Semi-final | IEM Cologne Major 2026,"Jun 23, 2026",2296,0
2026-08-25,lmZtKjzyYho,kyousuke | 1.44 Rating | Spirit vs Falcons | Dust2 | Semi-final | IEM Cologne Major 2026,"Jun 23, 2026",2296,0
2026-08-26,lmZtKjzyYho,kyousuke | 1.44 Rating | Spirit vs Falcons | Dust2 | Semi-final | IEM Cologne Major 2026,"Jun 23, 2026",2296,0
2026-08-27,lmZtKjzyYho,kyousuke | 1.44 Rating | Spirit vs Falcons | Dust2 | Semi-final | IEM Cologne Major 2026,"Jun 23, 2026",2296,0
2026-08-28,lmZtKjzyYho,kyousuke | 1.44 Rating | Spirit vs Falcons | Dust2 | Semi-final | IEM Cologne Major 2026,"Jun 23, 2026",2296,0
2026-08-29,lmZtKjzyYho,kyousuke | 1.44 Rating | Spirit vs Falcons | Dust2 | Semi-final | IEM Cologne Major 2026,"Jun 23, 2026",2296,0
2026-08-30,lmZtKjzyYho,kyousuke | 1.44 Rating | Spirit vs Falcons | Dust2 | Semi-final | IEM Cologne Major 2026,"Jun 23, 2026",2296,0
2026-08-31,lmZtKjzyYho,kyousuke | 1.44 Rating | Spirit vs Falcons | Dust2 | Semi-final | IEM Cologne Major 2026,"Jun 23, 2026",2296,0
2026-09-01,lmZtKjzyYho,kyousuke | 1.44 Rating | Spirit vs Falcons | Dust2 | Semi-final | IEM Cologne Major 2026,"Jun 23, 2026",2296,0
2026-09-02,lmZtKjzyYho,kyousuke | 1.44 Rating | Spirit vs Falcons | Dust2 | Semi-final | IEM Cologne Major 2026,"Jun 23, 2026",2296,0
2026-09-03,lmZtKjzyYho,kyousuke | 1.44 Rating | Spirit vs Falcons | Dust2 | Semi-final | IEM Cologne Major 2026,"Jun 23, 2026",2296,5
2026-09-04,lmZtKjzyYho,kyousuke | 1.44 Rating | Spirit vs Falcons | Dust2 | Semi-final | IEM Cologne Major 2026,"Jun 23, 2026",2296,0
2026-09-05,lmZtKjzyYho,kyousuke | 1.44 Rating | Spirit vs Falcons | Dust2 | Semi-final | IEM Cologne Major 2026,"Jun 23, 2026",2296,0
2026-09-06,lmZtKjzyYho,kyousuke | 1.44 Rating | Spirit vs Falcons | Dust2 | Semi-final | IEM Cologne Major 2026,"Jun 23, 2026",2296,0
2026-09-07,lmZtKjzyYho,kyousuke | 1.44 Rating | Spirit vs Falcons | Dust2 | Semi-final | IEM Cologne Major 2026,"Jun 23, 2026",2296,0
2026-09-08,lmZtKjzyYho,kyousuke | 1.44 Rating | Spirit vs Falcons | Dust2 | Semi-final | IEM Cologne Major 2026,"Jun 23, 2026",2296,0
2026-09-09,lmZtKjzyYho,kyousuke | 1.44 Rating | Spirit vs Falcons | Dust2 | Semi-final | IEM Cologne Major 2026,"Jun 23, 2026",2296,0
2026-09-10,lmZtKjzyYho,kyousuke | 1.44 Rating | Spirit vs Falcons | Dust2 | Semi-final | IEM Cologne Major 2026,"Jun 23, 2026",2296,0
2026-09-11,lmZtKjzyYho,kyousuke | 1.44 Rating | Spirit vs Falcons | Dust2 | Semi-final | IEM Cologne Major 2026,"Jun 23, 2026",2296,0
2026-09-12,lmZtKjzyYho,kyousuke | 1.44 Rating | Spirit vs Falcons | Dust2 | Semi-final | IEM Cologne Major 2026,"Jun 23, 2026",2296,0
2026-09-13,lmZtKjzyYho,kyousuke | 1.44 Rating | Spirit vs Falcons | Dust2 | Semi-final | IEM Cologne Major 2026,"Jun 23, 2026",2296,0
2026-09-14,lmZtKjzyYho,kyousuke | 1.44 Rating | Spirit vs Falcons | Dust2 | Semi-final | IEM Cologne Major 2026,"Jun 23, 2026",2296,0
2026-09-15,lmZtKjzyYho,kyousuke | 1.44 Rating | Spirit vs Falcons | Dust2 | Semi-final | IEM Cologne Major 2026,"Jun 23, 2026",2296,0
2026-09-16,lmZtKjzyYho,kyousuke | 1.44 Rating | Spirit vs Falcons | Dust2 | Semi-final | IEM Cologne Major 2026,"Jun 23, 2026",2296,0
2026-09-17,lmZtKjzyYho,kyousuke | 1.44 Rating | Spirit vs Falcons | Dust2 | Semi-final | IEM Cologne Major 2026,"Jun 23, 2026",2296,0
2026-09-18,lmZtKjzyYho,kyousuke | 1.44 Rating | Spirit vs Falcons | Dust2 | Semi-final | IEM Cologne Major 2026,"Jun 23, 2026",2296,0
2026-09-19,lmZtKjzyYho,kyousuke | 1.44 Rating | Spirit vs Falcons | Dust2 | Semi-final | IEM Cologne Major 2026,"Jun 23, 2026",2296,0
2026-09-20,lmZtKjzyYho,kyousuke | 1.44 Rating | Spirit vs Falcons | Dust2 | Semi-final | IEM Cologne Major 2026,"Jun 23, 2026",2296,0
2026-09-21,lmZtKjzyYho,kyousuke | 1.44 Rating | Spirit vs Falcons | Dust2 | Semi-final | IEM Cologne Major 2026,"Jun 23, 2026",2296,0
2026-09-22,lmZtKjzyYho,kyousuke | 1.44 Rating | Spirit vs Falcons | Dust2 | Semi-final | IEM Cologne Major 2026,"Jun 23, 2026",2296,0
2026-09-23,lmZtKjzyYho,kyousuke | 1.44 Rating | Spirit vs Falcons | Dust2 | Semi-final | IEM Cologne Major 2026,"Jun 23, 2026",2296,0
